TRADEDATE,SECID,CLOSE
2014-06-09,SNGSP,27.48
2014-06-10,SNGSP,27.55
2014-06-11,SNGSP,28.15
2014-06-16,SNGSP,28.27
2014-06-17,SNGSP,28.2
2014-06-18,SNGSP,29.1
2014-06-19,SNGSP,28.411
2014-06-20,SNGSP,27.859
2014-06-23,SNGSP,28.25
2014-06-24,SNGSP,28.75
2014-06-25,SNGSP,28.16
2014-06-26,SNGSP,28.185
2014-06-27,SNGSP,28.255
2014-06-30,SNGSP,28
2014-07-01,SNGSP,27.811
2014-07-02,SNGSP,28.19
2014-07-03,SNGSP,28.28
2014-07-04,SNGSP,27.786
2014-07-07,SNGSP,28
2014-07-08,SNGSP,28.223
2014-07-09,SNGSP,28.62
2014-07-10,SNGSP,28.74
2014-07-11,SNGSP,28.706
2014-07-14,SNGSP,28.92
2014-07-15,SNGSP,26.85
2014-07-16,SNGSP,27.127
2014-07-17,SNGSP,26.888
2014-07-18,SNGSP,26.61
2014-07-21,SNGSP,25.25
2014-07-22,SNGSP,26.289
2014-07-23,SNGSP,26.5
2014-07-24,SNGSP,26.5
2014-07-25,SNGSP,26.26
2014-07-28,SNGSP,25.4
2014-07-29,SNGSP,25.5
2014-07-30,SNGSP,26
2014-07-31,SNGSP,26.33
2014-08-01,SNGSP,26.25
2014-08-04,SNGSP,26.302
2014-08-05,SNGSP,26.25
2014-08-06,SNGSP,26.16
2014-08-07,SNGSP,25.38
2014-08-08,SNGSP,25.82
2014-08-11,SNGSP,26.3
2014-08-12,SNGSP,26.62
2014-08-13,SNGSP,27.99
2014-08-14,SNGSP,28
2014-08-15,SNGSP,27.903
2014-08-18,SNGSP,27.489
2014-08-19,SNGSP,26.955
2014-08-20,SNGSP,27.274
2014-08-21,SNGSP,27.699
2014-08-22,SNGSP,27.6
2014-08-25,SNGSP,27.644
2014-08-26,SNGSP,27.63
2014-08-27,SNGSP,27.72
2014-08-28,SNGSP,27.69
2014-08-29,SNGSP,27.198
2014-09-01,SNGSP,26.651
2014-09-02,SNGSP,26.505
2014-09-03,SNGSP,27.22
2014-09-04,SNGSP,27.55
2014-09-05,SNGSP,27.6
2014-09-08,SNGSP,27.481
2014-09-09,SNGSP,27.85
2014-09-10,SNGSP,28.219
2014-09-11,SNGSP,28.048
2014-09-12,SNGSP,28.3
2014-09-15,SNGSP,28.45
2014-09-16,SNGSP,29.056
2014-09-17,SNGSP,28.8
2014-09-18,SNGSP,28.424
2014-09-19,SNGSP,28.4
2014-09-22,SNGSP,27.879
2014-09-23,SNGSP,28.4
2014-09-24,SNGSP,28.251
2014-09-25,SNGSP,28.542
2014-09-26,SNGSP,28.9
2014-09-29,SNGSP,28.171
2014-09-30,SNGSP,27.3
2014-10-01,SNGSP,26.6
2014-10-02,SNGSP,26.4
2014-10-03,SNGSP,26.75
2014-10-06,SNGSP,27.275
2014-10-07,SNGSP,26.96
2014-10-08,SNGSP,26.585
2014-10-09,SNGSP,26.915
2014-10-10,SNGSP,26.65
2014-10-13,SNGSP,27.05
2014-10-14,SNGSP,27.125
2014-10-15,SNGSP,26.87
2014-10-16,SNGSP,26.65
2014-10-17,SNGSP,26.9
2014-10-20,SNGSP,26.33
2014-10-21,SNGSP,26.73
2014-10-22,SNGSP,26.35
2014-10-23,SNGSP,26.625
2014-10-24,SNGSP,26.81
2014-10-27,SNGSP,27.785
2014-10-28,SNGSP,28.195
2014-10-29,SNGSP,28.85
2014-10-30,SNGSP,29.12
2014-10-31,SNGSP,29.495
2014-11-03,SNGSP,30.255
2014-11-05,SNGSP,31.31
2014-11-06,SNGSP,31.405
2014-11-07,SNGSP,32
2014-11-10,SNGSP,32.805
2014-11-11,SNGSP,33.3
2014-11-12,SNGSP,32.55
2014-11-13,SNGSP,31.925
2014-11-14,SNGSP,32.57
2014-11-17,SNGSP,32.85
2014-11-18,SNGSP,33.75
2014-11-19,SNGSP,34.98
2014-11-20,SNGSP,35.345
2014-11-21,SNGSP,34.175
2014-11-24,SNGSP,33.02
2014-11-25,SNGSP,33.35
2014-11-26,SNGSP,33.495
2014-11-27,SNGSP,33.72
2014-11-28,SNGSP,34.37
2014-12-01,SNGSP,36.26
2014-12-02,SNGSP,37.445
2014-12-03,SNGSP,37
2014-12-04,SNGSP,36.925
2014-12-05,SNGSP,35.1
2014-12-08,SNGSP,33.8
2014-12-09,SNGSP,34.19
2014-12-10,SNGSP,33.905
2014-12-11,SNGSP,33.005
2014-12-12,SNGSP,32.425
2014-12-15,SNGSP,29.35
2014-12-16,SNGSP,27.67
2014-12-17,SNGSP,28.03
2014-12-18,SNGSP,30.495
2014-12-19,SNGSP,29.8
2014-12-22,SNGSP,29.69
2014-12-23,SNGSP,29.665
2014-12-24,SNGSP,30.09
2014-12-25,SNGSP,29.865
2014-12-26,SNGSP,30.08
2014-12-29,SNGSP,30.51
2014-12-30,SNGSP,29.495
2015-01-05,SNGSP,29.6
2015-01-06,SNGSP,30.195
2015-01-08,SNGSP,31.6
2015-01-09,SNGSP,32.01
2015-01-12,SNGSP,31.36
2015-01-13,SNGSP,32.3
2015-01-14,SNGSP,32.7
2015-01-15,SNGSP,32.82
2015-01-16,SNGSP,34.25
2015-01-19,SNGSP,34.9
2015-01-20,SNGSP,36.4
2015-01-21,SNGSP,36.8
2015-01-22,SNGSP,38.1
2015-01-23,SNGSP,39.425
2015-01-26,SNGSP,38.925
2015-01-27,SNGSP,41.415
2015-01-28,SNGSP,40.35
2015-01-29,SNGSP,40.75
2015-01-30,SNGSP,41.6
2015-02-02,SNGSP,41.9
2015-02-03,SNGSP,42.85
2015-02-04,SNGSP,41.895
2015-02-05,SNGSP,42.61
2015-02-06,SNGSP,43.67
2015-02-09,SNGSP,43.7
2015-02-10,SNGSP,44.4
2015-02-11,SNGSP,43.815
2015-02-12,SNGSP,42.31
2015-02-13,SNGSP,41.51
2015-02-16,SNGSP,41.295
2015-02-17,SNGSP,41.455
2015-02-18,SNGSP,40.4
2015-02-19,SNGSP,40.16
2015-02-20,SNGSP,40.35
2015-02-24,SNGSP,39.455
2015-02-25,SNGSP,38.65
2015-02-26,SNGSP,39.66
2015-02-27,SNGSP,38.69
2015-03-02,SNGSP,41.01
2015-03-03,SNGSP,42.325
2015-03-04,SNGSP,41.3
2015-03-05,SNGSP,42.45
2015-03-06,SNGSP,41.225
2015-03-10,SNGSP,39.45
2015-03-11,SNGSP,40
2015-03-12,SNGSP,40.5
2015-03-13,SNGSP,40.155
2015-03-16,SNGSP,39.8
2015-03-17,SNGSP,39.875
2015-03-18,SNGSP,40.21
2015-03-19,SNGSP,39.7
2015-03-20,SNGSP,42.6
2015-03-23,SNGSP,42.59
2015-03-24,SNGSP,42.605
2015-03-25,SNGSP,42.6
2015-03-26,SNGSP,41.62
2015-03-27,SNGSP,41.7
2015-03-30,SNGSP,43.25
2015-03-31,SNGSP,44.5
2015-04-01,SNGSP,45.35
2015-04-02,SNGSP,47.5
2015-04-03,SNGSP,46.845
2015-04-06,SNGSP,46.5
2015-04-07,SNGSP,46
2015-04-08,SNGSP,45.895
2015-04-09,SNGSP,45.2
2015-04-10,SNGSP,44.18
2015-04-13,SNGSP,44
2015-04-14,SNGSP,43
2015-04-15,SNGSP,42.49
2015-04-16,SNGSP,42.45
2015-04-17,SNGSP,41
2015-04-20,SNGSP,41.65
2015-04-21,SNGSP,41.455
2015-04-22,SNGSP,41
2015-04-23,SNGSP,39.3
2015-04-24,SNGSP,39.79
2015-04-27,SNGSP,39.63
2015-04-28,SNGSP,39.375
2015-04-29,SNGSP,39.27
2015-04-30,SNGSP,38.85
2015-05-05,SNGSP,41.36
2015-05-06,SNGSP,41.59
2015-05-07,SNGSP,41
2015-05-08,SNGSP,40.9
2015-05-12,SNGSP,37.48
2015-05-13,SNGSP,38.105
2015-05-14,SNGSP,38.005
2015-05-15,SNGSP,39.1
2015-05-18,SNGSP,39.445
2015-05-19,SNGSP,39.45
2015-05-20,SNGSP,38.5
2015-05-21,SNGSP,39.2
2015-05-22,SNGSP,38.94
2015-05-25,SNGSP,38.99
2015-05-26,SNGSP,39.16
2015-05-27,SNGSP,39.56
2015-05-28,SNGSP,39.41
2015-05-29,SNGSP,37.2
2015-06-01,SNGSP,39.08
2015-06-02,SNGSP,38.9
2015-06-03,SNGSP,38.75
2015-06-04,SNGSP,39.05
2015-06-05,SNGSP,39.555
2015-06-08,SNGSP,39
2015-06-09,SNGSP,38.98
2015-06-10,SNGSP,39
2015-06-11,SNGSP,39.8
2015-06-15,SNGSP,41.045
2015-06-16,SNGSP,41.58
2015-06-17,SNGSP,41.355
2015-06-18,SNGSP,40.895
2015-06-19,SNGSP,42.12
2015-06-22,SNGSP,42.7
2015-06-23,SNGSP,42
2015-06-24,SNGSP,42.44
2015-06-25,SNGSP,42.3
2015-06-26,SNGSP,42.52
2015-06-29,SNGSP,42.54
2015-06-30,SNGSP,42.65
2015-07-01,SNGSP,41.99
2015-07-02,SNGSP,41.99
2015-07-03,SNGSP,41.575
2015-07-06,SNGSP,41.18
2015-07-07,SNGSP,41.06
2015-07-08,SNGSP,40.105
2015-07-09,SNGSP,40.54
2015-07-10,SNGSP,39.8
2015-07-13,SNGSP,39.4
2015-07-14,SNGSP,38.59
2015-07-15,SNGSP,32.4
2015-07-16,SNGSP,33.6
2015-07-17,SNGSP,33.595
2015-07-20,SNGSP,33.4
2015-07-21,SNGSP,33.855
2015-07-22,SNGSP,33.45
2015-07-23,SNGSP,33.19
2015-07-24,SNGSP,32.755
2015-07-27,SNGSP,33.6
2015-07-28,SNGSP,34.9
2015-07-29,SNGSP,36.1
2015-07-30,SNGSP,37.08
2015-07-31,SNGSP,37.75
2015-08-03,SNGSP,37.4
2015-08-04,SNGSP,37.285
2015-08-05,SNGSP,36.975
2015-08-06,SNGSP,37.23
2015-08-07,SNGSP,37.305
2015-08-10,SNGSP,38.2
2015-08-11,SNGSP,38.33
2015-08-12,SNGSP,38.255
2015-08-13,SNGSP,38.55
2015-08-14,SNGSP,38.6
2015-08-17,SNGSP,39.25
2015-08-18,SNGSP,39.305
2015-08-19,SNGSP,38.65
2015-08-20,SNGSP,39.345
2015-08-21,SNGSP,39.35
2015-08-24,SNGSP,39.395
2015-08-25,SNGSP,39.1
2015-08-26,SNGSP,39.77
2015-08-27,SNGSP,40.3
2015-08-28,SNGSP,40.17
2015-08-31,SNGSP,40.4
2015-09-01,SNGSP,40.19
2015-09-02,SNGSP,39.87
2015-09-03,SNGSP,40.05
2015-09-04,SNGSP,40.145
2015-09-07,SNGSP,40.17
2015-09-08,SNGSP,40.3
2015-09-09,SNGSP,40.54
2015-09-10,SNGSP,40.54
2015-09-11,SNGSP,40.55
2015-09-14,SNGSP,41.22
2015-09-15,SNGSP,41.25
2015-09-16,SNGSP,41.1
2015-09-17,SNGSP,40.97
2015-09-18,SNGSP,41.5
2015-09-21,SNGSP,41.96
2015-09-22,SNGSP,40.975
2015-09-23,SNGSP,40.51
2015-09-24,SNGSP,39.45
2015-09-25,SNGSP,39.31
2015-09-28,SNGSP,38.54
2015-09-29,SNGSP,39
2015-09-30,SNGSP,39.5
2015-10-01,SNGSP,38.875
2015-10-02,SNGSP,39.085
2015-10-05,SNGSP,39.65
2015-10-06,SNGSP,40.09
2015-10-07,SNGSP,39.9
2015-10-08,SNGSP,39.895
2015-10-09,SNGSP,40.75
2015-10-12,SNGSP,40.64
2015-10-13,SNGSP,41.3
2015-10-14,SNGSP,41.4
2015-10-15,SNGSP,41.605
2015-10-16,SNGSP,41.765
2015-10-19,SNGSP,41.99
2015-10-20,SNGSP,42.05
2015-10-21,SNGSP,42.005
2015-10-22,SNGSP,42.255
2015-10-23,SNGSP,42.75
2015-10-26,SNGSP,42.74
2015-10-27,SNGSP,42.45
2015-10-28,SNGSP,43.195
2015-10-29,SNGSP,43.3
2015-10-30,SNGSP,43.49
2015-11-02,SNGSP,43.49
2015-11-03,SNGSP,44.25
2015-11-05,SNGSP,44.4
2015-11-06,SNGSP,43.01
2015-11-09,SNGSP,43
2015-11-10,SNGSP,42.9
2015-11-11,SNGSP,42.415
2015-11-12,SNGSP,41.99
2015-11-13,SNGSP,44
2015-11-16,SNGSP,44.31
2015-11-17,SNGSP,44.27
2015-11-18,SNGSP,43.75
2015-11-19,SNGSP,42.96
2015-11-20,SNGSP,42
2015-11-23,SNGSP,43.175
2015-11-24,SNGSP,42.785
2015-11-25,SNGSP,44.77
2015-11-26,SNGSP,44.595
2015-11-27,SNGSP,43.79
2015-11-30,SNGSP,42.285
2015-12-01,SNGSP,42.625
2015-12-02,SNGSP,42.255
2015-12-03,SNGSP,42.5
2015-12-04,SNGSP,42.21
2015-12-07,SNGSP,43.08
2015-12-08,SNGSP,44.2
2015-12-09,SNGSP,43.8
2015-12-10,SNGSP,42.4
2015-12-11,SNGSP,42.155
2015-12-14,SNGSP,41.85
2015-12-15,SNGSP,42.495
2015-12-16,SNGSP,42.705
2015-12-17,SNGSP,43.295
2015-12-18,SNGSP,42.15
2015-12-21,SNGSP,43.15
2015-12-22,SNGSP,43.34
2015-12-23,SNGSP,44.29
2015-12-24,SNGSP,43.755
2015-12-25,SNGSP,43.765
2015-12-28,SNGSP,43.45
2015-12-29,SNGSP,44.05
2015-12-30,SNGSP,44.225
2016-01-04,SNGSP,43.69
2016-01-05,SNGSP,43.9
2016-01-06,SNGSP,43.6
2016-01-11,SNGSP,43.4
2016-01-12,SNGSP,44.02
2016-01-13,SNGSP,43.9
2016-01-14,SNGSP,44.2
2016-01-15,SNGSP,43
2016-01-18,SNGSP,45
2016-01-19,SNGSP,45.7
2016-01-20,SNGSP,45.22
2016-01-21,SNGSP,46.4
2016-01-22,SNGSP,45.875
2016-01-25,SNGSP,45.35
2016-01-26,SNGSP,43.43
2016-01-27,SNGSP,44.21
2016-01-28,SNGSP,44.085
2016-01-29,SNGSP,45.995
2016-02-01,SNGSP,45.7
2016-02-02,SNGSP,44.6
2016-02-03,SNGSP,44.2
2016-02-04,SNGSP,44.21
2016-02-05,SNGSP,44.3
2016-02-08,SNGSP,43.05
2016-02-09,SNGSP,43.145
2016-02-10,SNGSP,43.2
2016-02-11,SNGSP,42.62
2016-02-12,SNGSP,43.2
2016-02-15,SNGSP,44.195
2016-02-16,SNGSP,44.425
2016-02-17,SNGSP,44.6
2016-02-18,SNGSP,44.5
2016-02-19,SNGSP,44.39
2016-02-20,SNGSP,44.19
2016-02-22,SNGSP,44.445
2016-02-24,SNGSP,44.1
2016-02-25,SNGSP,44.37
2016-02-26,SNGSP,44.32
2016-02-29,SNGSP,44.195
2016-03-01,SNGSP,43.42
2016-03-02,SNGSP,43.465
2016-03-03,SNGSP,43.97
2016-03-04,SNGSP,44.05
2016-03-07,SNGSP,45.2
2016-03-09,SNGSP,44.8
2016-03-10,SNGSP,45.225
2016-03-11,SNGSP,45.12
2016-03-14,SNGSP,44.99
2016-03-15,SNGSP,44.905
2016-03-16,SNGSP,45.245
2016-03-17,SNGSP,45.205
2016-03-18,SNGSP,43.55
2016-03-21,SNGSP,43.43
2016-03-22,SNGSP,43.96
2016-03-23,SNGSP,44.045
2016-03-24,SNGSP,44.155
2016-03-25,SNGSP,44.12
2016-03-28,SNGSP,44.285
2016-03-29,SNGSP,44.505
2016-03-30,SNGSP,44.45
2016-03-31,SNGSP,44.96
2016-04-01,SNGSP,44.9
2016-04-04,SNGSP,45.04
2016-04-05,SNGSP,44.99
2016-04-06,SNGSP,44.735
2016-04-07,SNGSP,44.545
2016-04-08,SNGSP,44.205
2016-04-11,SNGSP,43.725
2016-04-12,SNGSP,43.3
2016-04-13,SNGSP,43.43
2016-04-14,SNGSP,43.85
2016-04-15,SNGSP,43.795
2016-04-18,SNGSP,43.425
2016-04-19,SNGSP,43.185
2016-04-20,SNGSP,43.28
2016-04-21,SNGSP,42.45
2016-04-22,SNGSP,42.7
2016-04-25,SNGSP,43
2016-04-26,SNGSP,43.095
2016-04-27,SNGSP,42.95
2016-04-28,SNGSP,42.7
2016-04-29,SNGSP,42
2016-05-04,SNGSP,40.98
2016-05-05,SNGSP,40.71
2016-05-06,SNGSP,40.98
2016-05-10,SNGSP,40.025
2016-05-11,SNGSP,41.045
2016-05-12,SNGSP,42.395
2016-05-13,SNGSP,40.93
2016-05-16,SNGSP,41.1
2016-05-17,SNGSP,42.385
2016-05-18,SNGSP,42.75
2016-05-19,SNGSP,42.25
2016-05-20,SNGSP,41.745
2016-05-23,SNGSP,41.735
2016-05-24,SNGSP,41.535
2016-05-25,SNGSP,41.21
2016-05-26,SNGSP,41.39
2016-05-27,SNGSP,41.6
2016-05-30,SNGSP,41.62
2016-05-31,SNGSP,41.45
2016-06-01,SNGSP,41.4
2016-06-02,SNGSP,40.51
2016-06-03,SNGSP,41.01
2016-06-06,SNGSP,41.625
2016-06-07,SNGSP,41.6
2016-06-08,SNGSP,40.95
2016-06-09,SNGSP,40.55
2016-06-10,SNGSP,39.85
2016-06-14,SNGSP,38.55
2016-06-15,SNGSP,38.1
2016-06-16,SNGSP,38.59
2016-06-17,SNGSP,38.85
2016-06-20,SNGSP,38.985
2016-06-21,SNGSP,38.6
2016-06-22,SNGSP,38.65
2016-06-23,SNGSP,38.51
2016-06-24,SNGSP,39.2
2016-06-27,SNGSP,38.755
2016-06-28,SNGSP,38.745
2016-06-29,SNGSP,38.4
2016-06-30,SNGSP,38.4
2016-07-01,SNGSP,38.605
2016-07-04,SNGSP,39.005
2016-07-05,SNGSP,39.54
2016-07-06,SNGSP,39.85
2016-07-07,SNGSP,39.49
2016-07-08,SNGSP,39.95
2016-07-11,SNGSP,40.5
2016-07-12,SNGSP,40.88
2016-07-13,SNGSP,40.99
2016-07-14,SNGSP,41.4
2016-07-15,SNGSP,36
2016-07-18,SNGSP,34.2
2016-07-19,SNGSP,32.3
2016-07-20,SNGSP,33.02
2016-07-21,SNGSP,33.475
2016-07-22,SNGSP,33.5
2016-07-25,SNGSP,33.96
2016-07-26,SNGSP,34.2
2016-07-27,SNGSP,33.91
2016-07-28,SNGSP,33.31
2016-07-29,SNGSP,32.6
2016-08-01,SNGSP,32
2016-08-02,SNGSP,31.195
2016-08-03,SNGSP,31.6
2016-08-04,SNGSP,32.1
2016-08-05,SNGSP,32.22
2016-08-08,SNGSP,32.27
2016-08-09,SNGSP,32.49
2016-08-10,SNGSP,32.7
2016-08-11,SNGSP,33.445
2016-08-12,SNGSP,33.62
2016-08-15,SNGSP,33.25
2016-08-16,SNGSP,32.885
2016-08-17,SNGSP,33.145
2016-08-18,SNGSP,32.96
2016-08-19,SNGSP,32.95
2016-08-22,SNGSP,33.05
2016-08-23,SNGSP,32.855
2016-08-24,SNGSP,32.4
2016-08-25,SNGSP,31.16
2016-08-26,SNGSP,31.62
2016-08-29,SNGSP,32.08
2016-08-30,SNGSP,32.025
2016-08-31,SNGSP,32.74
2016-09-01,SNGSP,32.355
2016-09-02,SNGSP,32.335
2016-09-05,SNGSP,32.005
2016-09-06,SNGSP,31.71
2016-09-07,SNGSP,31.58
2016-09-08,SNGSP,31.22
2016-09-09,SNGSP,31.69
2016-09-12,SNGSP,31.495
2016-09-13,SNGSP,31.25
2016-09-14,SNGSP,31.005
2016-09-15,SNGSP,30.14
2016-09-16,SNGSP,29.42
2016-09-19,SNGSP,28.84
2016-09-20,SNGSP,29.735
2016-09-21,SNGSP,30
2016-09-22,SNGSP,30.12
2016-09-23,SNGSP,29.825
2016-09-26,SNGSP,29.9
2016-09-27,SNGSP,29.81
2016-09-28,SNGSP,29.77
2016-09-29,SNGSP,29.46
2016-09-30,SNGSP,28.995
2016-10-03,SNGSP,28.535
2016-10-04,SNGSP,28.585
2016-10-05,SNGSP,28.78
2016-10-06,SNGSP,29.7
2016-10-07,SNGSP,29.99
2016-10-10,SNGSP,30.13
2016-10-11,SNGSP,29.695
2016-10-12,SNGSP,30.095
2016-10-13,SNGSP,30.195
2016-10-14,SNGSP,30.495
2016-10-17,SNGSP,30.54
2016-10-18,SNGSP,30.24
2016-10-19,SNGSP,29.55
2016-10-20,SNGSP,29.7
2016-10-21,SNGSP,29.425
2016-10-24,SNGSP,29
2016-10-25,SNGSP,29.515
2016-10-26,SNGSP,29.17
2016-10-27,SNGSP,29.21
2016-10-28,SNGSP,29.17
2016-10-31,SNGSP,28.73
2016-11-01,SNGSP,28.15
2016-11-02,SNGSP,29
2016-11-03,SNGSP,29.3
2016-11-07,SNGSP,28.66
2016-11-08,SNGSP,29.29
2016-11-09,SNGSP,29.79
2016-11-10,SNGSP,29.505
2016-11-11,SNGSP,29.63
2016-11-14,SNGSP,29.555
2016-11-15,SNGSP,29.51
2016-11-16,SNGSP,29.44
2016-11-17,SNGSP,29.695
2016-11-18,SNGSP,29.65
2016-11-21,SNGSP,29.46
2016-11-22,SNGSP,29.165
2016-11-23,SNGSP,29.3
2016-11-24,SNGSP,29.07
2016-11-25,SNGSP,29.39
2016-11-28,SNGSP,29.8
2016-11-29,SNGSP,30.75
2016-11-30,SNGSP,31.415
2016-12-01,SNGSP,31.5
2016-12-02,SNGSP,31.14
2016-12-05,SNGSP,31.72
2016-12-06,SNGSP,31.8
2016-12-07,SNGSP,31.85
2016-12-08,SNGSP,33.4
2016-12-09,SNGSP,33.27
2016-12-12,SNGSP,32.095
2016-12-13,SNGSP,32.735
2016-12-14,SNGSP,32.645
2016-12-15,SNGSP,32.305
2016-12-16,SNGSP,32.265
2016-12-19,SNGSP,32.195
2016-12-20,SNGSP,32.1
2016-12-21,SNGSP,31.31
2016-12-22,SNGSP,31.08
2016-12-23,SNGSP,31.25
2016-12-26,SNGSP,30.8
2016-12-27,SNGSP,31.09
2016-12-28,SNGSP,31.55
2016-12-29,SNGSP,31.9
2016-12-30,SNGSP,32.07
2017-01-03,SNGSP,33
2017-01-04,SNGSP,32.9
2017-01-05,SNGSP,32.25
2017-01-06,SNGSP,32.545
2017-01-09,SNGSP,32.22
2017-01-10,SNGSP,32.19
2017-01-11,SNGSP,31.92
2017-01-12,SNGSP,32.365
2017-01-13,SNGSP,32.295
2017-01-16,SNGSP,31.9
2017-01-17,SNGSP,32.1
2017-01-18,SNGSP,31.9
2017-01-19,SNGSP,32.18
2017-01-20,SNGSP,32.635
2017-01-23,SNGSP,32.4
2017-01-24,SNGSP,32.8
2017-01-25,SNGSP,32.71
2017-01-26,SNGSP,33.81
2017-01-27,SNGSP,33.255
2017-01-30,SNGSP,33.6
2017-01-31,SNGSP,34.35
2017-02-01,SNGSP,34.845
2017-02-02,SNGSP,34.5
2017-02-03,SNGSP,35.38
2017-02-06,SNGSP,35.19
2017-02-07,SNGSP,35.4
2017-02-08,SNGSP,35.105
2017-02-09,SNGSP,35.65
2017-02-10,SNGSP,34.7
2017-02-13,SNGSP,34.06
2017-02-14,SNGSP,34
2017-02-15,SNGSP,34.55
2017-02-16,SNGSP,35.115
2017-02-17,SNGSP,34.87
2017-02-20,SNGSP,34.64
2017-02-21,SNGSP,34.995
2017-02-22,SNGSP,34.27
2017-02-24,SNGSP,33.555
2017-02-27,SNGSP,32.205
2017-02-28,SNGSP,31.81
2017-03-01,SNGSP,32.3
2017-03-02,SNGSP,32.5
2017-03-03,SNGSP,32.49
2017-03-06,SNGSP,32.02
2017-03-07,SNGSP,31.125
2017-03-09,SNGSP,32.15
2017-03-10,SNGSP,31.9
2017-03-13,SNGSP,31.755
2017-03-14,SNGSP,32.2
2017-03-15,SNGSP,31.99
2017-03-16,SNGSP,31.805
2017-03-17,SNGSP,32.905
2017-03-20,SNGSP,33.325
2017-03-21,SNGSP,33.51
2017-03-22,SNGSP,33.99
2017-03-23,SNGSP,33.365
2017-03-24,SNGSP,33.15
2017-03-27,SNGSP,32.66
2017-03-28,SNGSP,33.395
2017-03-29,SNGSP,32.785
2017-03-30,SNGSP,32.625
2017-03-31,SNGSP,32.19
2017-04-03,SNGSP,32.005
2017-04-04,SNGSP,32.31
2017-04-05,SNGSP,32.615
2017-04-06,SNGSP,32.855
2017-04-07,SNGSP,33.05
2017-04-10,SNGSP,32.125
2017-04-11,SNGSP,31.4
2017-04-12,SNGSP,30.18
2017-04-13,SNGSP,30.9
2017-04-14,SNGSP,29.9
2017-04-17,SNGSP,30.18
2017-04-18,SNGSP,29.565
2017-04-19,SNGSP,29.415
2017-04-20,SNGSP,28.995
2017-04-21,SNGSP,29.495
2017-04-24,SNGSP,29.5
2017-04-25,SNGSP,30.5
2017-04-26,SNGSP,31.38
2017-04-27,SNGSP,31.3
2017-04-28,SNGSP,30.505
2017-05-02,SNGSP,30.58
2017-05-03,SNGSP,30.975
2017-05-04,SNGSP,31.855
2017-05-05,SNGSP,31.595
2017-05-10,SNGSP,31.4
2017-05-11,SNGSP,31.185
2017-05-12,SNGSP,31.3
2017-05-15,SNGSP,30.505
2017-05-16,SNGSP,29.995
2017-05-17,SNGSP,29.68
2017-05-18,SNGSP,29.88
2017-05-19,SNGSP,29.68
2017-05-22,SNGSP,29.235
2017-05-23,SNGSP,29.73
2017-05-24,SNGSP,29.115
2017-05-25,SNGSP,29.515
2017-05-26,SNGSP,29.67
2017-05-29,SNGSP,30.04
2017-05-30,SNGSP,29.7
2017-05-31,SNGSP,28.225
2017-06-01,SNGSP,27.68
2017-06-02,SNGSP,27.945
2017-06-05,SNGSP,27.795
2017-06-06,SNGSP,28
2017-06-07,SNGSP,27.245
2017-06-08,SNGSP,27.55
2017-06-09,SNGSP,27.41
2017-06-13,SNGSP,26.905
2017-06-14,SNGSP,26.71
2017-06-15,SNGSP,26.84
2017-06-16,SNGSP,27.37
2017-06-19,SNGSP,27.795
2017-06-20,SNGSP,28.995
2017-06-21,SNGSP,28.985
2017-06-22,SNGSP,28.685
2017-06-23,SNGSP,29.135
2017-06-26,SNGSP,28.7
2017-06-27,SNGSP,28.655
2017-06-28,SNGSP,28.51
2017-06-29,SNGSP,28.545
2017-06-30,SNGSP,28.49
2017-07-03,SNGSP,28.625
2017-07-04,SNGSP,28.48
2017-07-05,SNGSP,28.395
2017-07-06,SNGSP,28.3
2017-07-07,SNGSP,28.535
2017-07-10,SNGSP,28.5
2017-07-11,SNGSP,29.585
2017-07-12,SNGSP,29.2
2017-07-13,SNGSP,29.375
2017-07-14,SNGSP,28.9
2017-07-17,SNGSP,28.935
2017-07-18,SNGSP,28.635
2017-07-19,SNGSP,28.71
2017-07-20,SNGSP,28.635
2017-07-21,SNGSP,28.4
2017-07-24,SNGSP,28.68
2017-07-25,SNGSP,28.46
2017-07-26,SNGSP,28.35
2017-07-27,SNGSP,28.235
2017-07-28,SNGSP,27.925
2017-07-31,SNGSP,28.8
2017-08-01,SNGSP,29.695
2017-08-02,SNGSP,29.4
2017-08-03,SNGSP,29.79
2017-08-04,SNGSP,29.73
2017-08-07,SNGSP,29.77
2017-08-08,SNGSP,29.545
2017-08-09,SNGSP,29.795
2017-08-10,SNGSP,29.63
2017-08-11,SNGSP,29.1
2017-08-14,SNGSP,29.305
2017-08-15,SNGSP,29.435
2017-08-16,SNGSP,28.66
2017-08-17,SNGSP,28.55
2017-08-18,SNGSP,28.74
2017-08-21,SNGSP,28.835
2017-08-22,SNGSP,28.85
2017-08-23,SNGSP,28.31
2017-08-24,SNGSP,28.495
2017-08-25,SNGSP,28.545
2017-08-28,SNGSP,28.41
2017-08-29,SNGSP,28.49
2017-08-30,SNGSP,28.5
2017-08-31,SNGSP,29
2017-09-01,SNGSP,29.39
2017-09-04,SNGSP,29.01
2017-09-05,SNGSP,29.08
2017-09-06,SNGSP,29.215
2017-09-07,SNGSP,28.985
2017-09-08,SNGSP,29
2017-09-11,SNGSP,28.82
2017-09-12,SNGSP,28.965
2017-09-13,SNGSP,29
2017-09-14,SNGSP,29.65
2017-09-15,SNGSP,29.87
2017-09-18,SNGSP,29.6
2017-09-19,SNGSP,29.69
2017-09-20,SNGSP,29.75
2017-09-21,SNGSP,29.6
2017-09-22,SNGSP,29.5
2017-09-25,SNGSP,29.305
2017-09-26,SNGSP,29.6
2017-09-27,SNGSP,29.635
2017-09-28,SNGSP,29.45
2017-09-29,SNGSP,29.6
2017-10-02,SNGSP,29.575
2017-10-03,SNGSP,29.29
2017-10-04,SNGSP,29.38
2017-10-05,SNGSP,29.425
2017-10-06,SNGSP,29.555
2017-10-09,SNGSP,29.615
2017-10-10,SNGSP,29.6
2017-10-11,SNGSP,29.5
2017-10-12,SNGSP,29.91
2017-10-13,SNGSP,29.91
2017-10-16,SNGSP,29.9
2017-10-17,SNGSP,29.81
2017-10-18,SNGSP,29.75
2017-10-19,SNGSP,29.25
2017-10-20,SNGSP,29.195
2017-10-23,SNGSP,28.725
2017-10-24,SNGSP,28.825
2017-10-25,SNGSP,28.355
2017-10-26,SNGSP,28.4
2017-10-27,SNGSP,28.885
2017-10-30,SNGSP,28.805
2017-10-31,SNGSP,29
2017-11-01,SNGSP,29.7
2017-11-02,SNGSP,29.45
2017-11-03,SNGSP,29.43
2017-11-07,SNGSP,30.59
2017-11-08,SNGSP,31.455
2017-11-09,SNGSP,31.5
2017-11-10,SNGSP,30.76
2017-11-13,SNGSP,30.32
2017-11-14,SNGSP,30.83
2017-11-15,SNGSP,30.4
2017-11-16,SNGSP,29.8
2017-11-17,SNGSP,29.81
2017-11-20,SNGSP,30.135
2017-11-21,SNGSP,30.05
2017-11-22,SNGSP,29.86
2017-11-23,SNGSP,30.1
2017-11-24,SNGSP,30.335
2017-11-27,SNGSP,29.98
2017-11-28,SNGSP,29.565
2017-11-29,SNGSP,29.25
2017-11-30,SNGSP,28.39
2017-12-01,SNGSP,28.88
2017-12-04,SNGSP,28.705
2017-12-05,SNGSP,28.845
2017-12-06,SNGSP,29.27
2017-12-07,SNGSP,28.835
2017-12-08,SNGSP,29.205
2017-12-11,SNGSP,29.985
2017-12-12,SNGSP,29.995
2017-12-13,SNGSP,29.235
2017-12-14,SNGSP,29.19
2017-12-15,SNGSP,29.89
2017-12-18,SNGSP,29.65
2017-12-19,SNGSP,29.08
2017-12-20,SNGSP,28.745
2017-12-21,SNGSP,28.375
2017-12-22,SNGSP,28.49
2017-12-25,SNGSP,28.365
2017-12-26,SNGSP,28
2017-12-27,SNGSP,28.105
2017-12-28,SNGSP,28.12
2017-12-29,SNGSP,28.145
2018-01-03,SNGSP,28.545
2018-01-04,SNGSP,28.49
2018-01-05,SNGSP,28.48
2018-01-09,SNGSP,28.6
2018-01-10,SNGSP,28.625
2018-01-11,SNGSP,28.76
2018-01-12,SNGSP,28.97
2018-01-15,SNGSP,29.145
2018-01-16,SNGSP,29.64
2018-01-17,SNGSP,30.42
2018-01-18,SNGSP,31.1
2018-01-19,SNGSP,31
2018-01-22,SNGSP,31.27
2018-01-23,SNGSP,31.51
2018-01-24,SNGSP,30.955
2018-01-25,SNGSP,31.63
2018-01-26,SNGSP,31.825
2018-01-29,SNGSP,31.51
2018-01-30,SNGSP,30.7
2018-01-31,SNGSP,29.685
2018-02-01,SNGSP,29.815
2018-02-02,SNGSP,30.47
2018-02-05,SNGSP,31.25
2018-02-06,SNGSP,29.925
2018-02-07,SNGSP,29.865
2018-02-08,SNGSP,29.81
2018-02-09,SNGSP,29.5
2018-02-12,SNGSP,29.74
2018-02-13,SNGSP,30.075
2018-02-14,SNGSP,29.88
2018-02-15,SNGSP,29.85
2018-02-16,SNGSP,29.665
2018-02-19,SNGSP,29.445
2018-02-20,SNGSP,29.485
2018-02-21,SNGSP,29.8
2018-02-22,SNGSP,30.27
2018-02-26,SNGSP,30.9
2018-02-27,SNGSP,30.28
2018-02-28,SNGSP,29.5
2018-03-01,SNGSP,29.935
2018-03-02,SNGSP,30.1
2018-03-05,SNGSP,30.135
2018-03-06,SNGSP,29.68
2018-03-07,SNGSP,29.65
2018-03-09,SNGSP,30.195
2018-03-12,SNGSP,30
2018-03-13,SNGSP,30.4
2018-03-14,SNGSP,29.78
2018-03-15,SNGSP,30.145
2018-03-16,SNGSP,30.26
2018-03-19,SNGSP,30.54
2018-03-20,SNGSP,30.3
2018-03-21,SNGSP,30.2
2018-03-22,SNGSP,29.815
2018-03-23,SNGSP,29.92
2018-03-26,SNGSP,29.18
2018-03-27,SNGSP,29
2018-03-28,SNGSP,29.05
2018-03-29,SNGSP,29.69
2018-03-30,SNGSP,29.56
2018-04-02,SNGSP,29.275
2018-04-03,SNGSP,29.035
2018-04-04,SNGSP,29.24
2018-04-05,SNGSP,29.6
2018-04-06,SNGSP,29.7
2018-04-09,SNGSP,28.29
2018-04-10,SNGSP,30.175
2018-04-11,SNGSP,29.7
2018-04-12,SNGSP,30.285
2018-04-13,SNGSP,29.93
2018-04-16,SNGSP,29.69
2018-04-17,SNGSP,29.98
2018-04-18,SNGSP,30.34
2018-04-19,SNGSP,30.28
2018-04-20,SNGSP,30.54
2018-04-23,SNGSP,30.5
2018-04-24,SNGSP,30.28
2018-04-25,SNGSP,30.5
2018-04-26,SNGSP,31.395
2018-04-27,SNGSP,30.835
2018-04-28,SNGSP,30.98
2018-04-30,SNGSP,31.015
2018-05-02,SNGSP,31
2018-05-03,SNGSP,31.205
2018-05-04,SNGSP,31.265
2018-05-07,SNGSP,31.36
2018-05-08,SNGSP,31.36
2018-05-10,SNGSP,31.12
2018-05-11,SNGSP,31.6
2018-05-14,SNGSP,31.72
2018-05-15,SNGSP,32.13
2018-05-16,SNGSP,32.6
2018-05-17,SNGSP,33.145
2018-05-18,SNGSP,32.45
2018-05-21,SNGSP,32.56
2018-05-22,SNGSP,33.05
2018-05-23,SNGSP,31.98
2018-05-24,SNGSP,31.9
2018-05-25,SNGSP,31.8
2018-05-28,SNGSP,31.59
2018-05-29,SNGSP,31.29
2018-05-30,SNGSP,31
2018-05-31,SNGSP,30.48
2018-06-01,SNGSP,31.05
2018-06-04,SNGSP,31.51
2018-06-05,SNGSP,31.55
2018-06-06,SNGSP,31.4
2018-06-07,SNGSP,32.29
2018-06-08,SNGSP,31.13
2018-06-09,SNGSP,31.315
2018-06-11,SNGSP,31.135
2018-06-13,SNGSP,31.6
2018-06-14,SNGSP,31.79
2018-06-15,SNGSP,31.11
2018-06-18,SNGSP,31.255
2018-06-19,SNGSP,31.33
2018-06-20,SNGSP,31.5
2018-06-21,SNGSP,31.31
2018-06-22,SNGSP,31.01
2018-06-25,SNGSP,31.05
2018-06-26,SNGSP,31.24
2018-06-27,SNGSP,31.31
2018-06-28,SNGSP,31.07
2018-06-29,SNGSP,31.625
2018-07-02,SNGSP,31.6
2018-07-03,SNGSP,31.65
2018-07-04,SNGSP,31.9
2018-07-05,SNGSP,32.9
2018-07-06,SNGSP,33.3
2018-07-09,SNGSP,33.8
2018-07-10,SNGSP,33.6
2018-07-11,SNGSP,33.2
2018-07-12,SNGSP,33.06
2018-07-13,SNGSP,33.29
2018-07-16,SNGSP,33.495
2018-07-17,SNGSP,33.4
2018-07-18,SNGSP,32.9
2018-07-19,SNGSP,32.72
2018-07-20,SNGSP,32.95
2018-07-23,SNGSP,32.93
2018-07-24,SNGSP,32.53
2018-07-25,SNGSP,33
2018-07-26,SNGSP,33.35
2018-07-27,SNGSP,33.5
2018-07-30,SNGSP,34.27
2018-07-31,SNGSP,34.55
2018-08-01,SNGSP,35
2018-08-02,SNGSP,34.1
2018-08-03,SNGSP,34.45
2018-08-06,SNGSP,34.04
2018-08-07,SNGSP,34.47
2018-08-08,SNGSP,35.1
2018-08-09,SNGSP,35.15
2018-08-10,SNGSP,36.085
2018-08-13,SNGSP,36.265
2018-08-14,SNGSP,37
2018-08-15,SNGSP,36.7
2018-08-16,SNGSP,36.045
2018-08-17,SNGSP,36
2018-08-20,SNGSP,35.92
2018-08-21,SNGSP,35.52
2018-08-22,SNGSP,36.1
2018-08-23,SNGSP,35.76
2018-08-24,SNGSP,35.88
2018-08-27,SNGSP,35.92
2018-08-28,SNGSP,36.06
2018-08-29,SNGSP,36.915
2018-08-30,SNGSP,36.88
2018-08-31,SNGSP,37.42
2018-09-03,SNGSP,38.145
2018-09-04,SNGSP,38.22
2018-09-05,SNGSP,37.465
2018-09-06,SNGSP,37.82
2018-09-07,SNGSP,37.215
2018-09-10,SNGSP,38.5
2018-09-11,SNGSP,38.35
2018-09-12,SNGSP,37.45
2018-09-13,SNGSP,36.9
2018-09-14,SNGSP,37.5
2018-09-17,SNGSP,37.56
2018-09-18,SNGSP,37.3
2018-09-19,SNGSP,37.175
2018-09-20,SNGSP,37.2
2018-09-21,SNGSP,38.6
2018-09-24,SNGSP,37.43
2018-09-25,SNGSP,37.2
2018-09-26,SNGSP,37.635
2018-09-27,SNGSP,38.635
2018-09-28,SNGSP,38.07
2018-10-01,SNGSP,38.39
2018-10-02,SNGSP,38.105
2018-10-03,SNGSP,38.12
2018-10-04,SNGSP,37.305
2018-10-05,SNGSP,37.2
2018-10-08,SNGSP,37.75
2018-10-09,SNGSP,37.7
2018-10-10,SNGSP,37.89
2018-10-11,SNGSP,37.105
2018-10-12,SNGSP,37.495
2018-10-15,SNGSP,37.24
2018-10-16,SNGSP,37.3
2018-10-17,SNGSP,37.5
2018-10-18,SNGSP,37.5
2018-10-19,SNGSP,37.3
2018-10-22,SNGSP,35.945
2018-10-23,SNGSP,36.11
2018-10-24,SNGSP,36.3
2018-10-25,SNGSP,35.97
2018-10-26,SNGSP,36.14
2018-10-29,SNGSP,36.525
2018-10-30,SNGSP,36.605
2018-10-31,SNGSP,38.135
2018-11-01,SNGSP,38.6
2018-11-02,SNGSP,38.46
2018-11-06,SNGSP,38.5
2018-11-07,SNGSP,37.99
2018-11-08,SNGSP,37.69
2018-11-09,SNGSP,38.32
2018-11-12,SNGSP,37.8
2018-11-13,SNGSP,38.235
2018-11-14,SNGSP,37.885
2018-11-15,SNGSP,38.02
2018-11-16,SNGSP,37.86
2018-11-19,SNGSP,37.315
2018-11-20,SNGSP,36.79
2018-11-21,SNGSP,36.93
2018-11-22,SNGSP,37.48
2018-11-23,SNGSP,38.12
2018-11-26,SNGSP,37.95
2018-11-27,SNGSP,37.2
2018-11-28,SNGSP,37.4
2018-11-29,SNGSP,37.145
2018-11-30,SNGSP,37.75
2018-12-03,SNGSP,37.67
2018-12-04,SNGSP,37.995
2018-12-05,SNGSP,38.57
2018-12-06,SNGSP,39.13
2018-12-07,SNGSP,38.55
2018-12-10,SNGSP,38.17
2018-12-11,SNGSP,38.115
2018-12-12,SNGSP,37.93
2018-12-13,SNGSP,37.84
2018-12-14,SNGSP,38.1
2018-12-17,SNGSP,38.32
2018-12-18,SNGSP,39.1
2018-12-19,SNGSP,39.09
2018-12-20,SNGSP,39.4
2018-12-21,SNGSP,38.92
2018-12-24,SNGSP,38.615
2018-12-25,SNGSP,38.725
2018-12-26,SNGSP,38.8
2018-12-27,SNGSP,39
2018-12-28,SNGSP,38.915
2018-12-29,SNGSP,39.395
2019-01-03,SNGSP,39.15
2019-01-04,SNGSP,38.8
2019-01-08,SNGSP,38.66
2019-01-09,SNGSP,38.39
2019-01-10,SNGSP,39
2019-01-11,SNGSP,39.17
2019-01-14,SNGSP,39.77
2019-01-15,SNGSP,40.465
2019-01-16,SNGSP,40.63
2019-01-17,SNGSP,40.79
2019-01-18,SNGSP,41.175
2019-01-21,SNGSP,41.14
2019-01-22,SNGSP,41.325
2019-01-23,SNGSP,41.2
2019-01-24,SNGSP,40.8
2019-01-25,SNGSP,40.59
2019-01-28,SNGSP,40.255
2019-01-29,SNGSP,40.8
2019-01-30,SNGSP,40.865
2019-01-31,SNGSP,40.57
2019-02-01,SNGSP,40.535
2019-02-04,SNGSP,40.6
2019-02-05,SNGSP,40.85
2019-02-06,SNGSP,40.945
2019-02-07,SNGSP,40.7
2019-02-08,SNGSP,40.55
2019-02-11,SNGSP,40.39
2019-02-12,SNGSP,40.52
2019-02-13,SNGSP,39.985
2019-02-14,SNGSP,40.32
2019-02-15,SNGSP,40.32
2019-02-18,SNGSP,40.165
2019-02-19,SNGSP,40.17
2019-02-20,SNGSP,40.175
2019-02-21,SNGSP,40.22
2019-02-22,SNGSP,40.25
2019-02-25,SNGSP,40.385
2019-02-26,SNGSP,40.73
2019-02-27,SNGSP,40.605
2019-02-28,SNGSP,40.175
2019-03-01,SNGSP,40.245
2019-03-04,SNGSP,40.17
2019-03-05,SNGSP,40.1
2019-03-06,SNGSP,40.16
2019-03-07,SNGSP,40.26
2019-03-11,SNGSP,39.94
2019-03-12,SNGSP,39.8
2019-03-13,SNGSP,39.85
2019-03-14,SNGSP,39.63
2019-03-15,SNGSP,39.95
2019-03-18,SNGSP,39.865
2019-03-19,SNGSP,40.105
2019-03-20,SNGSP,40.36
2019-03-21,SNGSP,40.48
2019-03-22,SNGSP,40.23
2019-03-25,SNGSP,39.93
2019-03-26,SNGSP,40.1
2019-03-27,SNGSP,40.14
2019-03-28,SNGSP,40.4
2019-03-29,SNGSP,40.98
2019-04-01,SNGSP,41.7
2019-04-02,SNGSP,41.06
2019-04-03,SNGSP,40.7
2019-04-04,SNGSP,40.835
2019-04-05,SNGSP,40.515
2019-04-08,SNGSP,40.6
2019-04-09,SNGSP,40.53
2019-04-10,SNGSP,40.455
2019-04-11,SNGSP,40.45
2019-04-12,SNGSP,40.42
2019-04-15,SNGSP,40.12
2019-04-16,SNGSP,39.9
2019-04-17,SNGSP,39.88
2019-04-18,SNGSP,39.73
2019-04-19,SNGSP,39.9
2019-04-22,SNGSP,39.965
2019-04-23,SNGSP,39.4
2019-04-24,SNGSP,39.25
2019-04-25,SNGSP,39.885
2019-04-26,SNGSP,39.735
2019-04-29,SNGSP,39.26
2019-04-30,SNGSP,39.165
2019-05-02,SNGSP,39.14
2019-05-03,SNGSP,39.645
2019-05-06,SNGSP,39.25
2019-05-07,SNGSP,39.46
2019-05-08,SNGSP,39.25
2019-05-10,SNGSP,39.15
2019-05-13,SNGSP,39.005
2019-05-14,SNGSP,38.88
2019-05-15,SNGSP,38.56
2019-05-16,SNGSP,38.37
2019-05-17,SNGSP,39.5
2019-05-20,SNGSP,40.515
2019-05-21,SNGSP,40
2019-05-22,SNGSP,40.385
2019-05-23,SNGSP,40.46
2019-05-24,SNGSP,40.56
2019-05-27,SNGSP,40.535
2019-05-28,SNGSP,40.57
2019-05-29,SNGSP,40.945
2019-05-30,SNGSP,40.7
2019-05-31,SNGSP,40.465
2019-06-03,SNGSP,40.83
2019-06-04,SNGSP,40.65
2019-06-05,SNGSP,40.605
2019-06-06,SNGSP,40.69
2019-06-07,SNGSP,40.59
2019-06-10,SNGSP,40.845
2019-06-11,SNGSP,41.525
2019-06-13,SNGSP,41.15
2019-06-14,SNGSP,40.91
2019-06-17,SNGSP,41.25
2019-06-18,SNGSP,41.385
2019-06-19,SNGSP,41.325
2019-06-20,SNGSP,40.995
2019-06-21,SNGSP,41.215
2019-06-24,SNGSP,41.25
2019-06-25,SNGSP,41.41
2019-06-26,SNGSP,41.535
2019-06-27,SNGSP,42.4
2019-06-28,SNGSP,42.61
2019-07-01,SNGSP,43.34
2019-07-02,SNGSP,43.5
2019-07-03,SNGSP,43.445
2019-07-04,SNGSP,43.56
2019-07-05,SNGSP,43.43
2019-07-08,SNGSP,43.495
2019-07-09,SNGSP,43.48
2019-07-10,SNGSP,43.1
2019-07-11,SNGSP,41.81
2019-07-12,SNGSP,42.56
2019-07-15,SNGSP,42.04
2019-07-16,SNGSP,41.95
2019-07-17,SNGSP,34.545
2019-07-18,SNGSP,33.575
2019-07-19,SNGSP,32.5
2019-07-22,SNGSP,31.2
2019-07-23,SNGSP,31.28
2019-07-24,SNGSP,31.12
2019-07-25,SNGSP,31.22
2019-07-26,SNGSP,30.79
2019-07-29,SNGSP,31.795
2019-07-30,SNGSP,31.3
2019-07-31,SNGSP,31.14
2019-08-01,SNGSP,31.68
2019-08-02,SNGSP,32
2019-08-05,SNGSP,31.395
2019-08-06,SNGSP,31.74
2019-08-07,SNGSP,31.75
2019-08-08,SNGSP,31.71
2019-08-09,SNGSP,31.78
2019-08-12,SNGSP,31.97
2019-08-13,SNGSP,31.9
2019-08-14,SNGSP,31.735
2019-08-15,SNGSP,32.345
2019-08-16,SNGSP,31.89
2019-08-19,SNGSP,32
2019-08-20,SNGSP,31.9
2019-08-21,SNGSP,31.465
2019-08-22,SNGSP,31.46
2019-08-23,SNGSP,31.3
2019-08-26,SNGSP,31.27
2019-08-27,SNGSP,31.77
2019-08-28,SNGSP,31.93
2019-08-29,SNGSP,32.135
2019-08-30,SNGSP,32.245
2019-09-02,SNGSP,33.8
2019-09-03,SNGSP,38.055
2019-09-04,SNGSP,38.06
2019-09-05,SNGSP,36.14
2019-09-06,SNGSP,35.475
2019-09-09,SNGSP,34.57
2019-09-10,SNGSP,35.25
2019-09-11,SNGSP,36.4
2019-09-12,SNGSP,37.14
2019-09-13,SNGSP,37.3
2019-09-16,SNGSP,37.88
2019-09-17,SNGSP,38.23
2019-09-18,SNGSP,38
2019-09-19,SNGSP,37.715
2019-09-20,SNGSP,37.845
2019-09-23,SNGSP,37.815
2019-09-24,SNGSP,37.17
2019-09-25,SNGSP,36.96
2019-09-26,SNGSP,37.02
2019-09-27,SNGSP,36.71
2019-09-30,SNGSP,37.46
2019-10-01,SNGSP,37.35
2019-10-02,SNGSP,36.75
2019-10-03,SNGSP,36.695
2019-10-04,SNGSP,36.57
2019-10-07,SNGSP,36.81
2019-10-08,SNGSP,37.075
2019-10-09,SNGSP,37.4
2019-10-10,SNGSP,37.74
2019-10-11,SNGSP,37.875
2019-10-14,SNGSP,37.46
2019-10-15,SNGSP,37.72
2019-10-16,SNGSP,37.89
2019-10-17,SNGSP,37.89
2019-10-18,SNGSP,37.97
2019-10-21,SNGSP,38.15
2019-10-22,SNGSP,38.26
2019-10-23,SNGSP,39.3
2019-10-24,SNGSP,39.5
2019-10-25,SNGSP,39.41
2019-10-28,SNGSP,38.415
2019-10-29,SNGSP,38.38
2019-10-30,SNGSP,38
2019-10-31,SNGSP,37.68
2019-11-01,SNGSP,37.99
2019-11-05,SNGSP,38.025
2019-11-06,SNGSP,38.31
2019-11-07,SNGSP,38.715
2019-11-08,SNGSP,38.475
2019-11-11,SNGSP,38.99
2019-11-12,SNGSP,38.59
2019-11-13,SNGSP,37.945
2019-11-14,SNGSP,38.19
2019-11-15,SNGSP,37.7
2019-11-18,SNGSP,37.45
2019-11-19,SNGSP,37.52
2019-11-20,SNGSP,37.64
2019-11-21,SNGSP,37.4
2019-11-22,SNGSP,37.44
2019-11-25,SNGSP,37.295
2019-11-26,SNGSP,36.57
2019-11-27,SNGSP,36.385
2019-11-28,SNGSP,36.35
2019-11-29,SNGSP,36.09
2019-12-02,SNGSP,35.59
2019-12-03,SNGSP,35.34
2019-12-04,SNGSP,35.3
2019-12-05,SNGSP,35.69
2019-12-06,SNGSP,36.745
2019-12-09,SNGSP,37.17
2019-12-10,SNGSP,36.895
2019-12-11,SNGSP,36.775
2019-12-12,SNGSP,37.325
2019-12-13,SNGSP,37.365
2019-12-16,SNGSP,37.07
2019-12-17,SNGSP,37.385
2019-12-18,SNGSP,37.05
2019-12-19,SNGSP,37.17
2019-12-20,SNGSP,37.8
2019-12-23,SNGSP,38.19
2019-12-24,SNGSP,37.915
2019-12-25,SNGSP,37.71
2019-12-26,SNGSP,38.2
2019-12-27,SNGSP,38.26
2019-12-30,SNGSP,37.725
2020-01-03,SNGSP,38.125
2020-01-06,SNGSP,38.18
2020-01-08,SNGSP,38
2020-01-09,SNGSP,37.65
2020-01-10,SNGSP,36.975
2020-01-13,SNGSP,37.065
2020-01-14,SNGSP,36.98
2020-01-15,SNGSP,37.27
2020-01-16,SNGSP,37.245
2020-01-17,SNGSP,37.25
2020-01-20,SNGSP,36.96
2020-01-21,SNGSP,37.665
2020-01-22,SNGSP,37
2020-01-23,SNGSP,36.77
2020-01-24,SNGSP,36.53
2020-01-27,SNGSP,35.69
2020-01-28,SNGSP,35.74
2020-01-29,SNGSP,36
2020-01-30,SNGSP,35.64
2020-01-31,SNGSP,36.105
2020-02-03,SNGSP,34.7
2020-02-04,SNGSP,35.2
2020-02-05,SNGSP,34.8
2020-02-06,SNGSP,34.77
2020-02-07,SNGSP,35
2020-02-10,SNGSP,35.135
2020-02-11,SNGSP,35.4
2020-02-12,SNGSP,35.425
2020-02-13,SNGSP,35.35
2020-02-14,SNGSP,35.2
2020-02-17,SNGSP,35.535
2020-02-18,SNGSP,34.95
2020-02-19,SNGSP,35.3
2020-02-20,SNGSP,35.355
2020-02-21,SNGSP,35.36
2020-02-25,SNGSP,34.9
2020-02-26,SNGSP,34.765
2020-02-27,SNGSP,33.755
2020-02-28,SNGSP,32.77
2020-03-02,SNGSP,32.705
2020-03-03,SNGSP,32.93
2020-03-04,SNGSP,34.32
2020-03-05,SNGSP,33.705
2020-03-06,SNGSP,34.04
2020-03-10,SNGSP,37.92
2020-03-11,SNGSP,37.59
2020-03-12,SNGSP,37.065
2020-03-13,SNGSP,35.73
2020-03-16,SNGSP,36
2020-03-17,SNGSP,36.9
2020-03-18,SNGSP,36.1
2020-03-19,SNGSP,36.525
2020-03-20,SNGSP,35.71
2020-03-23,SNGSP,35.02
2020-03-24,SNGSP,35.2
2020-03-25,SNGSP,35.4
2020-03-26,SNGSP,35.895
2020-03-27,SNGSP,35.405
2020-03-30,SNGSP,37
2020-03-31,SNGSP,37.6
2020-04-01,SNGSP,37.8
2020-04-02,SNGSP,38.9
2020-04-03,SNGSP,38.6
2020-04-06,SNGSP,38.86
2020-04-07,SNGSP,37.47
2020-04-08,SNGSP,38.7
2020-04-09,SNGSP,38.255
2020-04-10,SNGSP,38.13
2020-04-13,SNGSP,37.65
2020-04-14,SNGSP,37.755
2020-04-15,SNGSP,36.75
2020-04-16,SNGSP,36.555
2020-04-17,SNGSP,36.995
2020-04-20,SNGSP,37.57
2020-04-21,SNGSP,37.05
2020-04-22,SNGSP,37.115
2020-04-23,SNGSP,37.1
2020-04-24,SNGSP,36.85
2020-04-27,SNGSP,36.415
2020-04-28,SNGSP,36.41
2020-04-29,SNGSP,36.665
2020-04-30,SNGSP,36.34
2020-05-04,SNGSP,36.27
2020-05-05,SNGSP,36.155
2020-05-06,SNGSP,35.89
2020-05-07,SNGSP,35.79
2020-05-08,SNGSP,35.82
2020-05-12,SNGSP,35.725
2020-05-13,SNGSP,35.5
2020-05-14,SNGSP,36.33
2020-05-15,SNGSP,35.95
2020-05-18,SNGSP,36.5
2020-05-19,SNGSP,36.55
2020-05-20,SNGSP,36.855
2020-05-21,SNGSP,36.015
2020-05-22,SNGSP,35.605
2020-05-25,SNGSP,36.7
2020-05-26,SNGSP,36.35
2020-05-27,SNGSP,36.365
2020-05-28,SNGSP,36.4
2020-05-29,SNGSP,35.41
2020-06-01,SNGSP,35.415
2020-06-02,SNGSP,35.64
2020-06-03,SNGSP,34.9
2020-06-04,SNGSP,34.455
2020-06-05,SNGSP,34.595
2020-06-08,SNGSP,34.145
2020-06-09,SNGSP,34.3
2020-06-10,SNGSP,34.83
2020-06-11,SNGSP,34.77
2020-06-15,SNGSP,34.54
2020-06-16,SNGSP,34.875
2020-06-17,SNGSP,34.785
2020-06-18,SNGSP,34.8
2020-06-19,SNGSP,34.925
2020-06-22,SNGSP,34.95
2020-06-23,SNGSP,35.11
2020-06-25,SNGSP,34.6
2020-06-26,SNGSP,34.69
2020-06-29,SNGSP,34.81
2020-06-30,SNGSP,35.19
2020-07-02,SNGSP,35.05
2020-07-03,SNGSP,35.52
2020-07-06,SNGSP,36.045
2020-07-07,SNGSP,35.95
2020-07-08,SNGSP,35.84
2020-07-09,SNGSP,36
2020-07-10,SNGSP,36.15
2020-07-13,SNGSP,35.725
2020-07-14,SNGSP,35.9
2020-07-15,SNGSP,36.125
2020-07-16,SNGSP,36.07
2020-07-17,SNGSP,36.22
2020-07-20,SNGSP,36.28
2020-07-21,SNGSP,36.13
2020-07-22,SNGSP,36.115
2020-07-23,SNGSP,35.905
2020-07-24,SNGSP,36.26
2020-07-27,SNGSP,36.665
2020-07-28,SNGSP,36.8
2020-07-29,SNGSP,37.44
2020-07-30,SNGSP,37.49
2020-07-31,SNGSP,37.555
2020-08-03,SNGSP,36.9
2020-08-04,SNGSP,36.785
2020-08-05,SNGSP,36.54
2020-08-06,SNGSP,36.655
2020-08-07,SNGSP,36.735
2020-08-10,SNGSP,36.925
2020-08-11,SNGSP,37.255
2020-08-12,SNGSP,37.9
2020-08-13,SNGSP,38.145
2020-08-14,SNGSP,37.8
2020-08-17,SNGSP,37.99
2020-08-18,SNGSP,37.81
2020-08-19,SNGSP,37.535
2020-08-20,SNGSP,37.56
2020-08-21,SNGSP,37.855
2020-08-24,SNGSP,37.66
2020-08-25,SNGSP,38.08
2020-08-26,SNGSP,38.53
2020-08-27,SNGSP,38.18
2020-08-28,SNGSP,37.47
2020-08-31,SNGSP,37.22
2020-09-01,SNGSP,37.245
2020-09-02,SNGSP,37.535
2020-09-03,SNGSP,36.955
2020-09-04,SNGSP,36.915
2020-09-07,SNGSP,37.2
2020-09-08,SNGSP,37.125
2020-09-09,SNGSP,37.485
2020-09-10,SNGSP,37.15
2020-09-11,SNGSP,37.1
2020-09-14,SNGSP,37.185
2020-09-15,SNGSP,37.47
2020-09-16,SNGSP,37.415
2020-09-17,SNGSP,37.45
2020-09-18,SNGSP,37.43
2020-09-21,SNGSP,37.565
2020-09-22,SNGSP,37.2
2020-09-23,SNGSP,37.305
2020-09-24,SNGSP,37.67
2020-09-25,SNGSP,38.24
2020-09-28,SNGSP,38.695
2020-09-29,SNGSP,39.52
2020-09-30,SNGSP,38.95
2020-10-01,SNGSP,39.225
2020-10-02,SNGSP,39.585
2020-10-05,SNGSP,39.375
2020-10-06,SNGSP,39.515
2020-10-07,SNGSP,38.59
2020-10-08,SNGSP,38.565
2020-10-09,SNGSP,37.91
2020-10-12,SNGSP,38.085
2020-10-13,SNGSP,37.78
2020-10-14,SNGSP,38.45
2020-10-15,SNGSP,38.21
2020-10-16,SNGSP,37.955
2020-10-19,SNGSP,37.795
2020-10-20,SNGSP,37.53
2020-10-21,SNGSP,37.485
2020-10-22,SNGSP,37.44
2020-10-23,SNGSP,37.27
2020-10-26,SNGSP,37.31
2020-10-27,SNGSP,37.215
2020-10-28,SNGSP,37.425
2020-10-29,SNGSP,37.075
2020-10-30,SNGSP,36.55
2020-11-02,SNGSP,37.26
2020-11-03,SNGSP,37.86
2020-11-05,SNGSP,37.995
2020-11-06,SNGSP,38.615
2020-11-09,SNGSP,38.4
2020-11-10,SNGSP,38.855
2020-11-11,SNGSP,38.6
2020-11-12,SNGSP,38.6
2020-11-13,SNGSP,39.135
2020-11-16,SNGSP,39.235
2020-11-17,SNGSP,38.81
2020-11-18,SNGSP,38.605
2020-11-19,SNGSP,38.69
2020-11-20,SNGSP,38.785
2020-11-23,SNGSP,38.99
2020-11-24,SNGSP,39.01
2020-11-25,SNGSP,39.47
2020-11-26,SNGSP,39.685
2020-11-27,SNGSP,40.16
2020-11-30,SNGSP,40
2020-12-01,SNGSP,40.045
2020-12-02,SNGSP,40.4
2020-12-03,SNGSP,39.9
2020-12-04,SNGSP,39.18
2020-12-07,SNGSP,39.125
2020-12-08,SNGSP,39.29
2020-12-09,SNGSP,38.875
2020-12-10,SNGSP,39.26
2020-12-11,SNGSP,40.24
2020-12-14,SNGSP,40.235
2020-12-15,SNGSP,40.13
2020-12-16,SNGSP,40.115
2020-12-17,SNGSP,39.91
2020-12-18,SNGSP,40.26
2020-12-21,SNGSP,40.77
2020-12-22,SNGSP,41.415
2020-12-23,SNGSP,41.33
2020-12-24,SNGSP,40.825
2020-12-25,SNGSP,41.145
2020-12-28,SNGSP,41.135
2020-12-29,SNGSP,41.67
2020-12-30,SNGSP,41.915
2021-01-04,SNGSP,42.125
2021-01-05,SNGSP,42.15
2021-01-06,SNGSP,41.815
2021-01-08,SNGSP,42.475
2021-01-11,SNGSP,42.385
2021-01-12,SNGSP,42.21
2021-01-13,SNGSP,42.295
2021-01-14,SNGSP,42.035
2021-01-15,SNGSP,41.915
2021-01-18,SNGSP,42.28
2021-01-19,SNGSP,41.925
2021-01-20,SNGSP,41.845
2021-01-21,SNGSP,41.27
2021-01-22,SNGSP,41.715
2021-01-25,SNGSP,41.6
2021-01-26,SNGSP,41.48
2021-01-27,SNGSP,41.255
2021-01-28,SNGSP,41.095
2021-01-29,SNGSP,40.255
2021-02-01,SNGSP,40.755
2021-02-02,SNGSP,40.845
2021-02-03,SNGSP,40.795
2021-02-04,SNGSP,41.04
2021-02-05,SNGSP,40.69
2021-02-08,SNGSP,40.77
2021-02-09,SNGSP,40.28
2021-02-10,SNGSP,40.275
2021-02-11,SNGSP,40.24
2021-02-12,SNGSP,40.235
2021-02-15,SNGSP,40.195
2021-02-16,SNGSP,40.06
2021-02-17,SNGSP,40.01
2021-02-18,SNGSP,39.825
2021-02-19,SNGSP,39.735
2021-02-20,SNGSP,40.03
2021-02-22,SNGSP,39.785
2021-02-24,SNGSP,39.655
2021-02-25,SNGSP,39.435
2021-02-26,SNGSP,39.28
2021-03-01,SNGSP,39.69
2021-03-02,SNGSP,40.095
2021-03-03,SNGSP,40.15
2021-03-04,SNGSP,39.745
2021-03-05,SNGSP,40.14
2021-03-09,SNGSP,40.715
2021-03-10,SNGSP,40.555
2021-03-11,SNGSP,40.23
2021-03-12,SNGSP,40.285
2021-03-15,SNGSP,40.7
2021-03-16,SNGSP,40.505
2021-03-17,SNGSP,40.28
2021-03-18,SNGSP,39.99
2021-03-19,SNGSP,39.995
2021-03-22,SNGSP,40.15
2021-03-23,SNGSP,40.58
2021-03-24,SNGSP,40.58
2021-03-25,SNGSP,40.82
2021-03-26,SNGSP,41.63
2021-03-29,SNGSP,41.71
2021-03-30,SNGSP,41.465
2021-03-31,SNGSP,42.01
2021-04-01,SNGSP,42.445
2021-04-02,SNGSP,42.985
2021-04-05,SNGSP,42.655
2021-04-06,SNGSP,42.675
2021-04-07,SNGSP,42.835
2021-04-08,SNGSP,42.555
2021-04-09,SNGSP,42.265
2021-04-12,SNGSP,42.54
2021-04-13,SNGSP,42.45
2021-04-14,SNGSP,42.64
2021-04-15,SNGSP,42.635
2021-04-16,SNGSP,42.62
2021-04-19,SNGSP,42.635
2021-04-20,SNGSP,43.425
2021-04-21,SNGSP,43.77
2021-04-22,SNGSP,43.54
2021-04-23,SNGSP,43.065
2021-04-26,SNGSP,43.14
2021-04-27,SNGSP,43.165
2021-04-28,SNGSP,42.955
2021-04-29,SNGSP,42.91
2021-04-30,SNGSP,43
2021-05-04,SNGSP,43.13
2021-05-05,SNGSP,43.3
2021-05-06,SNGSP,43.68
2021-05-07,SNGSP,43.92
2021-05-10,SNGSP,44.205
2021-05-11,SNGSP,44.895
2021-05-12,SNGSP,44.83
2021-05-13,SNGSP,45.145
2021-05-14,SNGSP,44.995
2021-05-17,SNGSP,45.265
2021-05-18,SNGSP,45.42
2021-05-19,SNGSP,46.335
2021-05-20,SNGSP,46.04
2021-05-21,SNGSP,46.115
2021-05-24,SNGSP,46.445
2021-05-25,SNGSP,46.985
2021-05-26,SNGSP,46.595
2021-05-27,SNGSP,46.445
2021-05-28,SNGSP,46.385
2021-05-31,SNGSP,46.695
2021-06-01,SNGSP,46.815
2021-06-02,SNGSP,46.91
2021-06-03,SNGSP,46.85
2021-06-04,SNGSP,46.71
2021-06-07,SNGSP,46.63
2021-06-08,SNGSP,46.56
2021-06-09,SNGSP,46.33
2021-06-10,SNGSP,45.955
2021-06-11,SNGSP,45.99
2021-06-14,SNGSP,46.635
2021-06-15,SNGSP,46.71
2021-06-16,SNGSP,46.64
2021-06-17,SNGSP,46.625
2021-06-18,SNGSP,46.295
2021-06-21,SNGSP,46.18
2021-06-22,SNGSP,46.45
2021-06-23,SNGSP,46.295
2021-06-24,SNGSP,46.175
2021-06-25,SNGSP,46.35
2021-06-28,SNGSP,46.375
2021-06-29,SNGSP,46.17
2021-06-30,SNGSP,46.355
2021-07-01,SNGSP,46.23
2021-07-02,SNGSP,46.24
2021-07-05,SNGSP,46.815
2021-07-06,SNGSP,48.23
2021-07-07,SNGSP,48.245
2021-07-08,SNGSP,47.355
2021-07-09,SNGSP,47.84
2021-07-12,SNGSP,47.905
2021-07-13,SNGSP,47.525
2021-07-14,SNGSP,46.95
2021-07-15,SNGSP,46.365
2021-07-16,SNGSP,45.86
2021-07-19,SNGSP,38.895
2021-07-20,SNGSP,38.46
2021-07-21,SNGSP,38.18
2021-07-22,SNGSP,38.355
2021-07-23,SNGSP,38.555
2021-07-26,SNGSP,38.425
2021-07-27,SNGSP,38.39
2021-07-28,SNGSP,38.235
2021-07-29,SNGSP,38.13
2021-07-30,SNGSP,38.1
2021-08-02,SNGSP,37.94
2021-08-03,SNGSP,37.895
2021-08-04,SNGSP,37.785
2021-08-05,SNGSP,37.6
2021-08-06,SNGSP,37.48
2021-08-09,SNGSP,37.82
2021-08-10,SNGSP,37.74
2021-08-11,SNGSP,37.975
2021-08-12,SNGSP,38.155
2021-08-13,SNGSP,37.96
2021-08-16,SNGSP,37.825
2021-08-17,SNGSP,37.82
2021-08-18,SNGSP,37.855
2021-08-19,SNGSP,38.085
2021-08-20,SNGSP,38.57
2021-08-23,SNGSP,38.9
2021-08-24,SNGSP,38.815
2021-08-25,SNGSP,38.39
2021-08-26,SNGSP,38.39
2021-08-27,SNGSP,38.445
2021-08-30,SNGSP,38.495
2021-08-31,SNGSP,38.69
2021-09-01,SNGSP,38.535
2021-09-02,SNGSP,38.25
2021-09-03,SNGSP,38.36
2021-09-06,SNGSP,38.29
2021-09-07,SNGSP,38.315
2021-09-08,SNGSP,38.3
2021-09-09,SNGSP,38.07
2021-09-10,SNGSP,38.055
2021-09-13,SNGSP,38.19
2021-09-14,SNGSP,38.135
2021-09-15,SNGSP,37.975
2021-09-16,SNGSP,37.965
2021-09-17,SNGSP,37.665
2021-09-20,SNGSP,37.51
2021-09-21,SNGSP,37.555
2021-09-22,SNGSP,38.135
2021-09-23,SNGSP,38.38
2021-09-24,SNGSP,38.675
2021-09-27,SNGSP,38.525
2021-09-28,SNGSP,39.35
2021-09-29,SNGSP,40.2
2021-09-30,SNGSP,40.055
2021-10-01,SNGSP,39.72
2021-10-04,SNGSP,39.4
2021-10-05,SNGSP,41.4
2021-10-06,SNGSP,40.775
2021-10-07,SNGSP,40.39
2021-10-08,SNGSP,40.395
2021-10-11,SNGSP,40.19
2021-10-12,SNGSP,40.315
2021-10-13,SNGSP,39.975
2021-10-14,SNGSP,39.79
2021-10-15,SNGSP,39.79
2021-10-18,SNGSP,39.235
2021-10-19,SNGSP,39.985
2021-10-20,SNGSP,39.55
2021-10-21,SNGSP,39.3
2021-10-22,SNGSP,38.715
2021-10-25,SNGSP,38.6
2021-10-26,SNGSP,38.565
2021-10-27,SNGSP,38.835
2021-10-28,SNGSP,38.565
2021-10-29,SNGSP,38.57
2021-11-01,SNGSP,38.65
2021-11-02,SNGSP,38.495
2021-11-03,SNGSP,38.35
2021-11-05,SNGSP,38.18
2021-11-08,SNGSP,38.515
2021-11-09,SNGSP,38.405
2021-11-10,SNGSP,38.15
2021-11-11,SNGSP,39.895
2021-11-12,SNGSP,40.53
2021-11-15,SNGSP,40.025
2021-11-16,SNGSP,39.93
2021-11-17,SNGSP,39.295
2021-11-18,SNGSP,38.995
2021-11-19,SNGSP,39.05
2021-11-22,SNGSP,38.695
2021-11-23,SNGSP,38.3
2021-11-24,SNGSP,38.48
2021-11-25,SNGSP,38.32
2021-11-26,SNGSP,37.965
2021-11-29,SNGSP,37.855
2021-11-30,SNGSP,37.525
2021-12-01,SNGSP,37.72
2021-12-02,SNGSP,38.12
2021-12-03,SNGSP,38.12
2021-12-06,SNGSP,38.16
2021-12-07,SNGSP,38.54
2021-12-08,SNGSP,38.135
2021-12-09,SNGSP,38.25
2021-12-10,SNGSP,38.055
2021-12-13,SNGSP,37.19
2021-12-14,SNGSP,37
2021-12-15,SNGSP,38.36
2021-12-16,SNGSP,38.235
2021-12-17,SNGSP,38.56
2021-12-20,SNGSP,38.425
2021-12-21,SNGSP,38.06
2021-12-22,SNGSP,38.005
2021-12-23,SNGSP,37.98
2021-12-24,SNGSP,38.005
2021-12-27,SNGSP,38.41
2021-12-28,SNGSP,38.15
2021-12-29,SNGSP,38.34
2021-12-30,SNGSP,38.57
2022-01-03,SNGSP,38.87
2022-01-04,SNGSP,39.715
2022-01-05,SNGSP,39.075
2022-01-06,SNGSP,38.9
2022-01-07,SNGSP,
2022-01-10,SNGSP,38.955
2022-01-11,SNGSP,39
2022-01-12,SNGSP,38.91
2022-01-13,SNGSP,38.47
2022-01-14,SNGSP,38.59
2022-01-17,SNGSP,38.34
2022-01-18,SNGSP,37.295
2022-01-19,SNGSP,37.465
2022-01-20,SNGSP,37.495
2022-01-21,SNGSP,37.145
2022-01-24,SNGSP,36.375
2022-01-25,SNGSP,36.545
2022-01-26,SNGSP,36.815
2022-01-27,SNGSP,37.05
2022-01-28,SNGSP,37.3
2022-01-31,SNGSP,37.405
2022-02-01,SNGSP,37.31
2022-02-02,SNGSP,37.05
2022-02-03,SNGSP,36.445
2022-02-04,SNGSP,37.075
2022-02-07,SNGSP,37.185
2022-02-08,SNGSP,37.355
2022-02-09,SNGSP,37.445
2022-02-10,SNGSP,37.805
2022-02-11,SNGSP,37.36
2022-02-14,SNGSP,37.41
2022-02-15,SNGSP,37.87
2022-02-16,SNGSP,37.825
2022-02-17,SNGSP,37.255
2022-02-18,SNGSP,36.5
2022-02-21,SNGSP,32.58
2022-02-22,SNGSP,35.005
2022-02-23,SNGSP,
2022-02-24,SNGSP,28.005
2022-02-25,SNGSP,29.985
2022-02-28,SNGSP,
2022-03-01,SNGSP,
2022-03-02,SNGSP,
2022-03-03,SNGSP,
2022-03-04,SNGSP,
2022-03-09,SNGSP,
2022-03-10,SNGSP,
2022-03-11,SNGSP,
2022-03-14,SNGSP,
2022-03-15,SNGSP,
2022-03-16,SNGSP,
2022-03-17,SNGSP,
2022-03-18,SNGSP,
2022-03-21,SNGSP,
2022-03-22,SNGSP,
2022-03-23,SNGSP,
2022-03-24,SNGSP,35.3
2022-03-25,SNGSP,35.82
2022-03-28,SNGSP,35.005
2022-03-29,SNGSP,36.4
2022-03-30,SNGSP,36.65
2022-03-31,SNGSP,36.75
2022-04-01,SNGSP,36.5
2022-04-04,SNGSP,36.195
2022-04-05,SNGSP,35.3
2022-04-06,SNGSP,35.11
2022-04-07,SNGSP,34.575
2022-04-08,SNGSP,34.1
2022-04-11,SNGSP,34.4
2022-04-12,SNGSP,33.955
2022-04-13,SNGSP,34.28
2022-04-14,SNGSP,33.88
2022-04-15,SNGSP,33.545
2022-04-18,SNGSP,32.93
2022-04-19,SNGSP,32.06
2022-04-20,SNGSP,32.61
2022-04-21,SNGSP,32.805
2022-04-22,SNGSP,32.575
2022-04-25,SNGSP,32
2022-04-26,SNGSP,32.41
2022-04-27,SNGSP,33.7
2022-04-28,SNGSP,33.12
2022-04-29,SNGSP,33.275
2022-05-04,SNGSP,32.27
2022-05-05,SNGSP,32.085
2022-05-06,SNGSP,31.995
2022-05-11,SNGSP,32.13
2022-05-12,SNGSP,31
2022-05-13,SNGSP,30.28
2022-05-16,SNGSP,32
2022-05-17,SNGSP,34.5
2022-05-18,SNGSP,33.3
2022-05-19,SNGSP,34.99
2022-05-20,SNGSP,34.245
2022-05-23,SNGSP,33.86
2022-05-24,SNGSP,34.1
2022-05-25,SNGSP,35.075
2022-05-26,SNGSP,35.47
2022-05-27,SNGSP,35.47
2022-05-30,SNGSP,35.6
2022-05-31,SNGSP,35.355
2022-06-01,SNGSP,35.59
2022-06-02,SNGSP,36.05
2022-06-03,SNGSP,35.915
2022-06-06,SNGSP,36.02
2022-06-07,SNGSP,35.83
2022-06-08,SNGSP,35.6
2022-06-09,SNGSP,35.4
2022-06-10,SNGSP,35.485
2022-06-14,SNGSP,35.14
2022-06-15,SNGSP,35.475
2022-06-16,SNGSP,35.96
2022-06-17,SNGSP,35.81
2022-06-20,SNGSP,35.78
2022-06-21,SNGSP,35.3
2022-06-22,SNGSP,34.4
2022-06-23,SNGSP,34.73
2022-06-24,SNGSP,34.98
2022-06-27,SNGSP,35.055
2022-06-28,SNGSP,35.57
2022-06-29,SNGSP,35.1
2022-06-30,SNGSP,34.95
2022-07-01,SNGSP,36
2022-07-04,SNGSP,35.9
2022-07-05,SNGSP,36.03
2022-07-06,SNGSP,36.13
2022-07-07,SNGSP,36.08
2022-07-08,SNGSP,35.91
2022-07-11,SNGSP,35.835
2022-07-12,SNGSP,35.415
2022-07-13,SNGSP,34.68
2022-07-14,SNGSP,33.765
2022-07-15,SNGSP,33.985
2022-07-18,SNGSP,33.12
2022-07-19,SNGSP,28.69
2022-07-20,SNGSP,28.91
2022-07-21,SNGSP,29.41
2022-07-22,SNGSP,29.51
2022-07-25,SNGSP,29.685
2022-07-26,SNGSP,29.31
2022-07-27,SNGSP,29.1
2022-07-28,SNGSP,28.91
2022-07-29,SNGSP,29.35
2022-08-01,SNGSP,29.1
2022-08-02,SNGSP,28.93
2022-08-03,SNGSP,28.8
2022-08-04,SNGSP,28.305
2022-08-05,SNGSP,29.045
2022-08-08,SNGSP,29.115
2022-08-09,SNGSP,28.99
2022-08-10,SNGSP,29.01
2022-08-11,SNGSP,28.97
2022-08-12,SNGSP,29.03
2022-08-15,SNGSP,29.17
2022-08-16,SNGSP,29.24
2022-08-17,SNGSP,29.34
2022-08-18,SNGSP,29.12
2022-08-19,SNGSP,28.95
2022-08-22,SNGSP,29.015
2022-08-23,SNGSP,29.01
2022-08-24,SNGSP,28.85
2022-08-25,SNGSP,28.72
2022-08-26,SNGSP,29.06
2022-08-29,SNGSP,29.01
2022-08-30,SNGSP,28.915
2022-08-31,SNGSP,28.98
2022-09-01,SNGSP,29.05
2022-09-02,SNGSP,29.885
2022-09-05,SNGSP,29.87
2022-09-06,SNGSP,29.29
2022-09-07,SNGSP,29.005
2022-09-08,SNGSP,29.04
2022-09-09,SNGSP,29.12
2022-09-12,SNGSP,29.445
2022-09-13,SNGSP,29.055
2022-09-14,SNGSP,29.115
2022-09-15,SNGSP,29.16
2022-09-16,SNGSP,29.015
2022-09-19,SNGSP,29.055
2022-09-20,SNGSP,27.5
2022-09-21,SNGSP,25.96
2022-09-22,SNGSP,26.405
2022-09-23,SNGSP,25.095
2022-09-26,SNGSP,20.745
2022-09-27,SNGSP,21.6
2022-09-28,SNGSP,21.945
2022-09-29,SNGSP,21.205
2022-09-30,SNGSP,22
2022-10-03,SNGSP,23.2
2022-10-04,SNGSP,23.24
2022-10-05,SNGSP,23.91
2022-10-06,SNGSP,23.345
2022-10-07,SNGSP,22.215
2022-10-10,SNGSP,22.76
2022-10-11,SNGSP,23.465
2022-10-12,SNGSP,23.245
2022-10-13,SNGSP,23.37
2022-10-14,SNGSP,23.3
2022-10-17,SNGSP,24
2022-10-18,SNGSP,23.455
2022-10-19,SNGSP,23.435
2022-10-20,SNGSP,23.555
2022-10-21,SNGSP,23.695
2022-10-24,SNGSP,23.735
2022-10-25,SNGSP,24.38
2022-10-26,SNGSP,24.945
2022-10-27,SNGSP,25.2
2022-10-28,SNGSP,26.12
2022-10-31,SNGSP,26.035
2022-11-01,SNGSP,26.27
2022-11-02,SNGSP,25.58
2022-11-03,SNGSP,25.65
2022-11-07,SNGSP,26.13
2022-11-08,SNGSP,25.825
2022-11-09,SNGSP,25.27
2022-11-10,SNGSP,25.68
2022-11-11,SNGSP,25.635
2022-11-14,SNGSP,25.63
2022-11-15,SNGSP,25.01
2022-11-16,SNGSP,25.455
2022-11-17,SNGSP,25.515
2022-11-18,SNGSP,25.455
2022-11-21,SNGSP,24.945
2022-11-22,SNGSP,25.08
2022-11-23,SNGSP,24.9
2022-11-24,SNGSP,25.065
2022-11-25,SNGSP,25
2022-11-28,SNGSP,24.82
2022-11-29,SNGSP,24.91
2022-11-30,SNGSP,24.885
2022-12-01,SNGSP,24.845
2022-12-02,SNGSP,25.845
2022-12-05,SNGSP,25.59
2022-12-06,SNGSP,25.46
2022-12-07,SNGSP,25.425
2022-12-08,SNGSP,25.36
2022-12-09,SNGSP,25.165
2022-12-12,SNGSP,25.095
2022-12-13,SNGSP,25.065
2022-12-14,SNGSP,24.93
2022-12-15,SNGSP,24.585
2022-12-16,SNGSP,24.955
2022-12-19,SNGSP,24.825
2022-12-20,SNGSP,25.12
2022-12-21,SNGSP,25.385
2022-12-22,SNGSP,25.32
2022-12-23,SNGSP,25.32
2022-12-26,SNGSP,25.475
2022-12-27,SNGSP,25.905
2022-12-28,SNGSP,26.065
2022-12-29,SNGSP,26.315
2022-12-30,SNGSP,26.13
2023-01-03,SNGSP,26.14
2023-01-04,SNGSP,26.055
2023-01-05,SNGSP,26.025
2023-01-06,SNGSP,26.01
2023-01-09,SNGSP,26.025
2023-01-10,SNGSP,25.865
2023-01-11,SNGSP,26.355
2023-01-12,SNGSP,26
2023-01-13,SNGSP,26.26
2023-01-16,SNGSP,26.845
2023-01-17,SNGSP,26.535
2023-01-18,SNGSP,26.835
2023-01-19,SNGSP,26.57
2023-01-20,SNGSP,26.67
2023-01-23,SNGSP,26.99
2023-01-24,SNGSP,27
2023-01-25,SNGSP,27.055
2023-01-26,SNGSP,27.045
2023-01-27,SNGSP,28.115
2023-01-30,SNGSP,28.055
2023-01-31,SNGSP,28.14
2023-02-01,SNGSP,28.065
2023-02-02,SNGSP,28.245
2023-02-03,SNGSP,28.095
2023-02-06,SNGSP,28.045
2023-02-07,SNGSP,28.055
2023-02-08,SNGSP,27.64
2023-02-09,SNGSP,27.995
2023-02-10,SNGSP,27.85
2023-02-13,SNGSP,27.91
2023-02-14,SNGSP,27.62
2023-02-15,SNGSP,26.775
2023-02-16,SNGSP,27.05
2023-02-17,SNGSP,26.885
2023-02-20,SNGSP,27
2023-02-21,SNGSP,27.355
2023-02-22,SNGSP,27.115
2023-02-24,SNGSP,27.155
2023-02-27,SNGSP,27.645
2023-02-28,SNGSP,27.935
2023-03-01,SNGSP,28.105
2023-03-02,SNGSP,27.635
2023-03-03,SNGSP,27.805
2023-03-06,SNGSP,27.88
2023-03-07,SNGSP,27.76
2023-03-09,SNGSP,27.715
2023-03-10,SNGSP,27.715
2023-03-13,SNGSP,27.66
2023-03-14,SNGSP,27.68
2023-03-15,SNGSP,27.785
2023-03-16,SNGSP,28.03
2023-03-17,SNGSP,28.57
2023-03-20,SNGSP,29.415
2023-03-21,SNGSP,29.165
2023-03-22,SNGSP,29.17
2023-03-23,SNGSP,29.55
2023-03-24,SNGSP,29.8
2023-03-27,SNGSP,31.695
2023-03-28,SNGSP,31.505
2023-03-29,SNGSP,31.46
2023-03-30,SNGSP,32.16
2023-03-31,SNGSP,31.645
2023-04-03,SNGSP,32.09
2023-04-04,SNGSP,33.9
2023-04-05,SNGSP,34.2
2023-04-06,SNGSP,34.585
2023-04-07,SNGSP,34.54
2023-04-10,SNGSP,34.4
2023-04-11,SNGSP,33.9
2023-04-12,SNGSP,34.035
2023-04-13,SNGSP,33.82
2023-04-14,SNGSP,34.07
2023-04-17,SNGSP,34.305
2023-04-18,SNGSP,34.265
2023-04-19,SNGSP,34.51
2023-04-20,SNGSP,35.55
2023-04-21,SNGSP,36.475
2023-04-24,SNGSP,36.895
2023-04-25,SNGSP,35.61
2023-04-26,SNGSP,35.185
2023-04-27,SNGSP,35.46
2023-04-28,SNGSP,35.205
2023-05-02,SNGSP,33.905
2023-05-03,SNGSP,33.575
2023-05-04,SNGSP,33.44
2023-05-05,SNGSP,33.305
2023-05-08,SNGSP,33.085
2023-05-10,SNGSP,34.05
2023-05-11,SNGSP,34.535
2023-05-12,SNGSP,34.58
2023-05-15,SNGSP,36.655
2023-05-16,SNGSP,36.445
2023-05-17,SNGSP,36.58
2023-05-18,SNGSP,31.795
2023-05-19,SNGSP,30.88
2023-05-22,SNGSP,31.325
2023-05-23,SNGSP,31.25
2023-05-24,SNGSP,30.975
2023-05-25,SNGSP,30.51
2023-05-26,SNGSP,31.28
2023-05-29,SNGSP,31.78
2023-05-30,SNGSP,31.2
2023-05-31,SNGSP,31.545
2023-06-01,SNGSP,31.615
2023-06-02,SNGSP,32.09
2023-06-05,SNGSP,31.97
2023-06-06,SNGSP,33.025
2023-06-07,SNGSP,32.765
2023-06-08,SNGSP,33.565
2023-06-09,SNGSP,35.195
2023-06-13,SNGSP,36.24
2023-06-14,SNGSP,36.745
2023-06-15,SNGSP,36.36
2023-06-16,SNGSP,36.21
2023-06-19,SNGSP,36.04
2023-06-20,SNGSP,36.87
2023-06-21,SNGSP,37.72
2023-06-22,SNGSP,37.685
2023-06-23,SNGSP,36.97
2023-06-26,SNGSP,39.025
2023-06-27,SNGSP,39.93
2023-06-28,SNGSP,40.25
2023-06-29,SNGSP,41.465
2023-06-30,SNGSP,41.79
2023-07-03,SNGSP,40.715
2023-07-04,SNGSP,40.745
2023-07-05,SNGSP,41.785
2023-07-06,SNGSP,41.65
2023-07-07,SNGSP,41.65
2023-07-10,SNGSP,41.675
2023-07-11,SNGSP,41.685
2023-07-12,SNGSP,42.87
2023-07-13,SNGSP,42.75
2023-07-14,SNGSP,43
2023-07-17,SNGSP,42.97
2023-07-18,SNGSP,43.75
2023-07-19,SNGSP,43.265
2023-07-20,SNGSP,42.025
2023-07-21,SNGSP,42.875
2023-07-24,SNGSP,43.2
2023-07-25,SNGSP,42.95
2023-07-26,SNGSP,44.325
2023-07-27,SNGSP,44.905
2023-07-28,SNGSP,45.81
2023-07-31,SNGSP,46.795
2023-08-01,SNGSP,46.93
2023-08-02,SNGSP,48.03
2023-08-03,SNGSP,48.905
2023-08-04,SNGSP,48.765
2023-08-07,SNGSP,48.075
2023-08-08,SNGSP,49.245
2023-08-09,SNGSP,49.19
2023-08-10,SNGSP,49.52
2023-08-11,SNGSP,50.6
2023-08-14,SNGSP,48.48
2023-08-15,SNGSP,48.86
2023-08-16,SNGSP,47.9
2023-08-17,SNGSP,48.575
2023-08-18,SNGSP,49.61
2023-08-21,SNGSP,49.38
2023-08-22,SNGSP,49.17
2023-08-23,SNGSP,48.035
2023-08-24,SNGSP,48.73
2023-08-25,SNGSP,48.895
2023-08-28,SNGSP,49.795
2023-08-29,SNGSP,50.14
2023-08-30,SNGSP,50.24
2023-08-31,SNGSP,49.765
2023-09-01,SNGSP,49.75
2023-09-04,SNGSP,50.44
2023-09-05,SNGSP,50.6
2023-09-06,SNGSP,50.08
2023-09-07,SNGSP,48.945
2023-09-08,SNGSP,48.33
2023-09-11,SNGSP,47.41
2023-09-12,SNGSP,49.36
2023-09-13,SNGSP,48.975
2023-09-14,SNGSP,48.42
2023-09-15,SNGSP,49.87
2023-09-18,SNGSP,49.405
2023-09-19,SNGSP,48.6
2023-09-20,SNGSP,48.665
2023-09-21,SNGSP,47.74
2023-09-22,SNGSP,48.65
2023-09-25,SNGSP,49.06
2023-09-26,SNGSP,49.735
2023-09-27,SNGSP,50.555
2023-09-28,SNGSP,53.155
2023-09-29,SNGSP,57.935
2023-10-02,SNGSP,56.94
2023-10-03,SNGSP,56.65
2023-10-04,SNGSP,55.43
2023-10-05,SNGSP,56.82
2023-10-06,SNGSP,56.44
2023-10-09,SNGSP,55.71
2023-10-10,SNGSP,55.715
2023-10-11,SNGSP,53.08
2023-10-12,SNGSP,53.5
2023-10-13,SNGSP,52.865
2023-10-16,SNGSP,54.34
2023-10-17,SNGSP,54.9
2023-10-18,SNGSP,55.685
2023-10-19,SNGSP,55.39
2023-10-20,SNGSP,54.44
2023-10-23,SNGSP,53.125
2023-10-24,SNGSP,56.3
2023-10-25,SNGSP,56.28
2023-10-26,SNGSP,55.37
2023-10-27,SNGSP,56.36
2023-10-30,SNGSP,57.01
2023-10-31,SNGSP,56.54
2023-11-01,SNGSP,56.24
2023-11-02,SNGSP,55.705
2023-11-03,SNGSP,56.33
2023-11-06,SNGSP,57.985
2023-11-07,SNGSP,57.78
2023-11-08,SNGSP,58.04
2023-11-09,SNGSP,59.5
2023-11-10,SNGSP,59.08
2023-11-13,SNGSP,58.2
2023-11-14,SNGSP,57.205
2023-11-15,SNGSP,58.06
2023-11-16,SNGSP,57.18
2023-11-17,SNGSP,59
2023-11-20,SNGSP,58.47
2023-11-21,SNGSP,58.96
2023-11-22,SNGSP,58.68
2023-11-23,SNGSP,58.375
2023-11-24,SNGSP,58.54
2023-11-27,SNGSP,58.255
2023-11-28,SNGSP,59.48
2023-11-29,SNGSP,59.12
2023-11-30,SNGSP,58.45
2023-12-01,SNGSP,57.82
2023-12-04,SNGSP,57.17
2023-12-05,SNGSP,57.625
2023-12-06,SNGSP,56.385
2023-12-07,SNGSP,55.95
2023-12-08,SNGSP,55.45
2023-12-11,SNGSP,53.18
2023-12-12,SNGSP,53.8
2023-12-13,SNGSP,54.585
2023-12-14,SNGSP,53.005
2023-12-15,SNGSP,55.69
2023-12-18,SNGSP,56.13
2023-12-19,SNGSP,56.365
2023-12-20,SNGSP,57.51
2023-12-21,SNGSP,56.83
2023-12-22,SNGSP,56.85
2023-12-25,SNGSP,57.78
2023-12-26,SNGSP,57
2023-12-27,SNGSP,56.16
2023-12-28,SNGSP,55.34
2023-12-29,SNGSP,55.35
2024-01-03,SNGSP,55.975
2024-01-04,SNGSP,56.225
2024-01-05,SNGSP,55.81
2024-01-08,SNGSP,56.245
2024-01-09,SNGSP,55.655
2024-01-10,SNGSP,55.23
2024-01-11,SNGSP,55.18
2024-01-12,SNGSP,54.965
2024-01-15,SNGSP,54.93
2024-01-16,SNGSP,56.03
2024-01-17,SNGSP,56.305
2024-01-18,SNGSP,55.83
2024-01-19,SNGSP,56.265
2024-01-22,SNGSP,55.8
2024-01-23,SNGSP,56.065
2024-01-24,SNGSP,56.04
2024-01-25,SNGSP,56.78
2024-01-26,SNGSP,56.73
2024-01-29,SNGSP,56.57
2024-01-30,SNGSP,56.315
2024-01-31,SNGSP,56.55
2024-02-01,SNGSP,56.93
2024-02-02,SNGSP,56.95
2024-02-05,SNGSP,56.9
2024-02-06,SNGSP,57.38
2024-02-07,SNGSP,57.36
2024-02-08,SNGSP,57.005
2024-02-09,SNGSP,57
2024-02-12,SNGSP,57.325
2024-02-13,SNGSP,58.42
2024-02-14,SNGSP,58.18
2024-02-15,SNGSP,60.175
2024-02-16,SNGSP,60.35
2024-02-19,SNGSP,61.2
2024-02-20,SNGSP,59.23
2024-02-21,SNGSP,59.7
2024-02-22,SNGSP,60.105
2024-02-26,SNGSP,61.29
2024-02-27,SNGSP,62.19
2024-02-28,SNGSP,62.085
2024-02-29,SNGSP,61.97
2024-03-01,SNGSP,61.855
2024-03-04,SNGSP,62.16
2024-03-05,SNGSP,61.7
2024-03-06,SNGSP,61.36
2024-03-07,SNGSP,61.75
2024-03-11,SNGSP,61.13
2024-03-12,SNGSP,61.58
2024-03-13,SNGSP,60.685
2024-03-14,SNGSP,60.995
2024-03-15,SNGSP,60.99
2024-03-18,SNGSP,61.79
2024-03-19,SNGSP,60.915
2024-03-20,SNGSP,61.845
2024-03-21,SNGSP,62.32
2024-03-22,SNGSP,61.945
2024-03-25,SNGSP,62.875
2024-03-26,SNGSP,64.485
2024-03-27,SNGSP,64.765
2024-03-28,SNGSP,64.92
2024-03-29,SNGSP,67
2024-04-01,SNGSP,66.875
2024-04-02,SNGSP,66.815
2024-04-03,SNGSP,66.345
2024-04-04,SNGSP,66.425
2024-04-05,SNGSP,67.03
2024-04-08,SNGSP,68.08
2024-04-09,SNGSP,67.32
2024-04-10,SNGSP,68.09
2024-04-11,SNGSP,68.03
2024-04-12,SNGSP,67.89
2024-04-15,SNGSP,68.75
2024-04-16,SNGSP,68.39
2024-04-17,SNGSP,67.81
2024-04-18,SNGSP,68.685
2024-04-19,SNGSP,68.63
2024-04-22,SNGSP,68.515
2024-04-23,SNGSP,67.14
2024-04-24,SNGSP,66.825
2024-04-25,SNGSP,66.875
2024-04-26,SNGSP,66.5
2024-04-27,SNGSP,67.185
2024-04-29,SNGSP,67.81
2024-04-30,SNGSP,67.415
2024-05-02,SNGSP,67.3
2024-05-03,SNGSP,67.68
2024-05-06,SNGSP,67.85
2024-05-07,SNGSP,68.2
2024-05-08,SNGSP,68.3
2024-05-10,SNGSP,69.02
2024-05-13,SNGSP,70.49
2024-05-14,SNGSP,70.05
2024-05-15,SNGSP,72.375
2024-05-16,SNGSP,72.425
2024-05-17,SNGSP,72.125
2024-05-20,SNGSP,71.755
2024-05-21,SNGSP,71.8
2024-05-22,SNGSP,71.995
2024-05-23,SNGSP,71.61
2024-05-24,SNGSP,70.705
2024-05-27,SNGSP,69.725
2024-05-28,SNGSP,69.83
2024-05-29,SNGSP,70.52
2024-05-30,SNGSP,69.66
2024-05-31,SNGSP,68.455
2024-06-03,SNGSP,68.415
2024-06-04,SNGSP,69.365
2024-06-05,SNGSP,68.835
2024-06-06,SNGSP,69.04
2024-06-07,SNGSP,69.58
2024-06-10,SNGSP,68.545
2024-06-11,SNGSP,67.94
2024-06-13,SNGSP,67.605
2024-06-14,SNGSP,68.01
2024-06-17,SNGSP,68.985
2024-06-18,SNGSP,66.67
2024-06-19,SNGSP,62.71
2024-06-20,SNGSP,65.06
2024-06-21,SNGSP,64.29
2024-06-24,SNGSP,63.71
2024-06-25,SNGSP,65.145
2024-06-26,SNGSP,65.435
2024-06-27,SNGSP,66.255
2024-06-28,SNGSP,67.175
2024-07-01,SNGSP,67.945
2024-07-02,SNGSP,68.57
2024-07-03,SNGSP,67.46
2024-07-04,SNGSP,65.96
2024-07-05,SNGSP,66.495
2024-07-08,SNGSP,65.265
2024-07-09,SNGSP,62.72
2024-07-10,SNGSP,61.3
2024-07-11,SNGSP,64.12
2024-07-12,SNGSP,63.575
2024-07-15,SNGSP,62.44
2024-07-16,SNGSP,62.54
2024-07-17,SNGSP,60.03
2024-07-18,SNGSP,49.27
2024-07-19,SNGSP,50.72
2024-07-22,SNGSP,50.135
2024-07-23,SNGSP,49.765
2024-07-24,SNGSP,50.725
2024-07-25,SNGSP,51.69
2024-07-26,SNGSP,50.875
2024-07-29,SNGSP,49.16
2024-07-30,SNGSP,49.745
2024-07-31,SNGSP,49.55
2024-08-01,SNGSP,49.195
2024-08-02,SNGSP,47.44
2024-08-05,SNGSP,46.97
2024-08-06,SNGSP,47.12
2024-08-07,SNGSP,47.16
2024-08-08,SNGSP,46.355
2024-08-09,SNGSP,46.395
2024-08-12,SNGSP,47.45
2024-08-13,SNGSP,50.13
2024-08-14,SNGSP,48.95
2024-08-15,SNGSP,48.76
2024-08-16,SNGSP,48.165
2024-08-19,SNGSP,48.385
2024-08-20,SNGSP,49.955
2024-08-21,SNGSP,50.37
2024-08-22,SNGSP,48.995
2024-08-23,SNGSP,49.395
2024-08-26,SNGSP,50.16
2024-08-27,SNGSP,49.065
2024-08-28,SNGSP,49.195
2024-08-29,SNGSP,48.99
2024-08-30,SNGSP,48.265
2024-09-02,SNGSP,45.62
2024-09-03,SNGSP,44.615
2024-09-04,SNGSP,47.975
2024-09-05,SNGSP,47.07
2024-09-06,SNGSP,47.335
2024-09-09,SNGSP,49.115
2024-09-10,SNGSP,48.33
2024-09-11,SNGSP,49.115
2024-09-12,SNGSP,50.19
2024-09-13,SNGSP,53.1
2024-09-16,SNGSP,53.475
2024-09-17,SNGSP,53.635
2024-09-18,SNGSP,53.85
2024-09-19,SNGSP,54.73
2024-09-20,SNGSP,55.63
2024-09-23,SNGSP,55.05
2024-09-24,SNGSP,54.635
2024-09-25,SNGSP,53.68
2024-09-26,SNGSP,54.23
2024-09-27,SNGSP,55.2
2024-09-30,SNGSP,54.66
2024-10-01,SNGSP,55.635
2024-10-02,SNGSP,55
2024-10-03,SNGSP,55.065
2024-10-04,SNGSP,54.29
2024-10-07,SNGSP,55.28
2024-10-08,SNGSP,55.08
2024-10-09,SNGSP,55.46
2024-10-10,SNGSP,56.02
2024-10-11,SNGSP,55.43
2024-10-14,SNGSP,55.595
2024-10-15,SNGSP,57.265
2024-10-16,SNGSP,57.085
2024-10-17,SNGSP,56.46
2024-10-18,SNGSP,56.53
2024-10-21,SNGSP,56.085
2024-10-22,SNGSP,55
2024-10-23,SNGSP,54.975
2024-10-24,SNGSP,54.955
2024-10-25,SNGSP,55.285
2024-10-28,SNGSP,54.16
2024-10-29,SNGSP,55.295
2024-10-30,SNGSP,54.72
2024-10-31,SNGSP,55.03
2024-11-01,SNGSP,55.265
2024-11-02,SNGSP,55.265
2024-11-05,SNGSP,55.945
2024-11-06,SNGSP,56.195
2024-11-07,SNGSP,56.735
2024-11-08,SNGSP,57.235
2024-11-11,SNGSP,56.4
2024-11-12,SNGSP,55.76
2024-11-13,SNGSP,55.43
2024-11-14,SNGSP,56.55
2024-11-15,SNGSP,57.015
2024-11-18,SNGSP,57.195
2024-11-19,SNGSP,58.7
2024-11-20,SNGSP,58.15
2024-11-21,SNGSP,57.98
2024-11-22,SNGSP,58
2024-11-25,SNGSP,58.78
2024-11-26,SNGSP,58.23
2024-11-27,SNGSP,59.18
2024-11-28,SNGSP,58.87
2024-11-29,SNGSP,57.165
2024-12-02,SNGSP,57.92
2024-12-03,SNGSP,56.69
2024-12-04,SNGSP,56.45
2024-12-05,SNGSP,56.03
2024-12-06,SNGSP,54.625
2024-12-09,SNGSP,55.95
2024-12-10,SNGSP,55.5
2024-12-11,SNGSP,56.51
2024-12-12,SNGSP,55.86
2024-12-13,SNGSP,55.66
2024-12-16,SNGSP,54.835
2024-12-17,SNGSP,55.085
2024-12-18,SNGSP,55.755
2024-12-19,SNGSP,55.46
2024-12-20,SNGSP,57.995
2024-12-23,SNGSP,57.72
2024-12-24,SNGSP,56.89
2024-12-25,SNGSP,57.885
2024-12-26,SNGSP,58.515
2024-12-27,SNGSP,59.3
2024-12-28,SNGSP,59.105
2024-12-30,SNGSP,60.49
2025-01-03,SNGSP,60.715
2025-01-06,SNGSP,60.16
2025-01-08,SNGSP,59.83
2025-01-09,SNGSP,58.285
2025-01-10,SNGSP,57.2
2025-01-13,SNGSP,57.495
2025-01-14,SNGSP,57.775
2025-01-15,SNGSP,58.275
2025-01-16,SNGSP,57.835
2025-01-17,SNGSP,57.645
2025-01-20,SNGSP,57.595
2025-01-21,SNGSP,57.85
2025-01-22,SNGSP,58.63
2025-01-23,SNGSP,58.57
2025-01-24,SNGSP,58.44
2025-01-27,SNGSP,57.635
2025-01-28,SNGSP,58.845
2025-01-29,SNGSP,58.295
2025-01-30,SNGSP,58.92
2025-01-31,SNGSP,58.425
2025-02-03,SNGSP,57.9
2025-02-04,SNGSP,58.145
2025-02-05,SNGSP,58.09
2025-02-06,SNGSP,57.95
2025-02-07,SNGSP,57.905
2025-02-10,SNGSP,58.25
2025-02-11,SNGSP,59.46
2025-02-12,SNGSP,59.57
2025-02-13,SNGSP,58.2
2025-02-14,SNGSP,57.225
2025-02-17,SNGSP,58.125
2025-02-18,SNGSP,57.975
2025-02-19,SNGSP,58.585
2025-02-20,SNGSP,59.145
2025-02-21,SNGSP,58.695
2025-02-24,SNGSP,58.585
2025-02-25,SNGSP,57.31
2025-02-26,SNGSP,56.605
2025-02-27,SNGSP,56.05
2025-02-28,SNGSP,57.07
2025-03-03,SNGSP,56.39
2025-03-04,SNGSP,55.995
2025-03-05,SNGSP,55.135
2025-03-06,SNGSP,54.355
2025-03-07,SNGSP,54.965
2025-03-10,SNGSP,54.76
2025-03-11,SNGSP,54.48
2025-03-12,SNGSP,54.635
2025-03-13,SNGSP,54.135
2025-03-14,SNGSP,54.16
2025-03-17,SNGSP,54.125
2025-03-18,SNGSP,53.895
2025-03-19,SNGSP,55.145
2025-03-20,SNGSP,54.74
2025-03-21,SNGSP,54.51
2025-03-24,SNGSP,54.715
2025-03-25,SNGSP,55.97
2025-03-26,SNGSP,54.78
2025-03-27,SNGSP,54
2025-03-28,SNGSP,54.01
2025-03-31,SNGSP,53.745
2025-04-01,SNGSP,52.81
2025-04-02,SNGSP,53.165
2025-04-03,SNGSP,52.27
2025-04-04,SNGSP,52.91
2025-04-07,SNGSP,51.3
2025-04-08,SNGSP,50.875
2025-04-09,SNGSP,52
2025-04-10,SNGSP,52.32
2025-04-11,SNGSP,52.56
2025-04-14,SNGSP,51.7
2025-04-15,SNGSP,52.03
2025-04-16,SNGSP,52.305
2025-04-17,SNGSP,52.28
2025-04-18,SNGSP,51.69
2025-04-21,SNGSP,53.08
2025-04-22,SNGSP,53.38
2025-04-23,SNGSP,53.875
2025-04-24,SNGSP,53.795
2025-04-25,SNGSP,54.14
2025-04-28,SNGSP,53.835
2025-04-29,SNGSP,53.075
2025-04-30,SNGSP,53.465
2025-05-02,SNGSP,53
2025-05-05,SNGSP,51.605
2025-05-06,SNGSP,51.5
2025-05-07,SNGSP,52.315
2025-05-08,SNGSP,52.33
2025-05-12,SNGSP,52.915
2025-05-13,SNGSP,52.725
2025-05-14,SNGSP,52.665
2025-05-15,SNGSP,52.96
2025-05-16,SNGSP,52.94
2025-05-19,SNGSP,52.76
2025-05-20,SNGSP,52.16
2025-05-21,SNGSP,51.555
2025-05-22,SNGSP,50.765
2025-05-23,SNGSP,50.535
2025-05-26,SNGSP,50.305
2025-05-27,SNGSP,50.245
2025-05-28,SNGSP,50.495
2025-05-29,SNGSP,50.645
2025-05-30,SNGSP,51.4
2025-06-02,SNGSP,51.66
2025-06-03,SNGSP,52.79
2025-06-04,SNGSP,52.505
2025-06-05,SNGSP,53.18
2025-06-06,SNGSP,51.425
2025-06-09,SNGSP,51.165
2025-06-10,SNGSP,50.36
2025-06-11,SNGSP,50.29
2025-06-13,SNGSP,51.17
2025-06-16,SNGSP,50.88
2025-06-17,SNGSP,51.16
2025-06-18,SNGSP,51.395
2025-06-19,SNGSP,51.215
2025-06-20,SNGSP,51.375
2025-06-23,SNGSP,51.565
2025-06-24,SNGSP,51.99
2025-06-25,SNGSP,52.435
2025-06-26,SNGSP,52.66
2025-06-27,SNGSP,53.235
2025-06-30,SNGSP,53.585
2025-07-01,SNGSP,54.3
2025-07-02,SNGSP,54.335
2025-07-03,SNGSP,53.54
2025-07-04,SNGSP,53.245
2025-07-07,SNGSP,52.335
2025-07-08,SNGSP,51.555
2025-07-09,SNGSP,51.48
2025-07-10,SNGSP,51.195
2025-07-11,SNGSP,50.435
2025-07-14,SNGSP,51.995
2025-07-15,SNGSP,52.16
2025-07-16,SNGSP,52.495
2025-07-17,SNGSP,45.38
2025-07-18,SNGSP,46.395
2025-07-21,SNGSP,46.035
2025-07-22,SNGSP,45.775
2025-07-23,SNGSP,45.44
2025-07-24,SNGSP,45.45
2025-07-25,SNGSP,44.82
2025-07-28,SNGSP,45.205
2025-07-29,SNGSP,45.19
2025-07-30,SNGSP,44.73
2025-07-31,SNGSP,44.625
2025-08-01,SNGSP,44.79
2025-08-04,SNGSP,45.08
2025-08-05,SNGSP,45.065
2025-08-06,SNGSP,45.3
2025-08-07,SNGSP,45.41
2025-08-08,SNGSP,45.89
2025-08-11,SNGSP,46.255
2025-08-12,SNGSP,46.335
2025-08-13,SNGSP,45.92
2025-08-14,SNGSP,45.665
2025-08-15,SNGSP,45.445
2025-08-18,SNGSP,45.58
2025-08-19,SNGSP,45.235
2025-08-20,SNGSP,44.935
2025-08-21,SNGSP,44.41
2025-08-22,SNGSP,44.57
2025-08-25,SNGSP,44.24
2025-08-26,SNGSP,44.22
2025-08-27,SNGSP,44.21
2025-08-28,SNGSP,43.705
2025-08-29,SNGSP,43.37
2025-09-01,SNGSP,43.355
2025-09-02,SNGSP,42.26
2025-09-03,SNGSP,42.155
2025-09-04,SNGSP,42.88
2025-09-05,SNGSP,42.94
2025-09-08,SNGSP,44.425
2025-09-09,SNGSP,45.515
2025-09-10,SNGSP,45.555
2025-09-11,SNGSP,44.99
2025-09-12,SNGSP,44.025
2025-09-15,SNGSP,44.185
2025-09-16,SNGSP,44.325
2025-09-17,SNGSP,44.04
2025-09-18,SNGSP,43.29
2025-09-19,SNGSP,42.4
2025-09-22,SNGSP,43.14
2025-09-23,SNGSP,41.9
2025-09-24,SNGSP,41.865
2025-09-25,SNGSP,41.32
2025-09-26,SNGSP,40.83
2025-09-29,SNGSP,39.84
2025-09-30,SNGSP,39.08
2025-10-01,SNGSP,38.575
2025-10-02,SNGSP,37.375
2025-10-03,SNGSP,38.64
2025-10-06,SNGSP,39.02
2025-10-07,SNGSP,38.53
2025-10-08,SNGSP,37.91
2025-10-09,SNGSP,38.235
2025-10-10,SNGSP,38.015
2025-10-13,SNGSP,37.785
2025-10-14,SNGSP,37.31
2025-10-15,SNGSP,36.9
2025-10-16,SNGSP,38.845
2025-10-17,SNGSP,39.865
2025-10-20,SNGSP,39.75
2025-10-21,SNGSP,39.345
2025-10-22,SNGSP,40.12
2025-10-23,SNGSP,39.06
2025-10-24,SNGSP,38.02
2025-10-27,SNGSP,37.12
2025-10-28,SNGSP,37.46
2025-10-29,SNGSP,37.66
2025-10-30,SNGSP,38.12
2025-10-31,SNGSP,37.755
2025-11-01,SNGSP,37.925
2025-11-03,SNGSP,38.215
2025-11-05,SNGSP,38.145
2025-11-06,SNGSP,38.12
2025-11-07,SNGSP,38.615
2025-11-10,SNGSP,38.365
2025-11-11,SNGSP,38.585
2025-11-12,SNGSP,38.26
2025-11-13,SNGSP,38.07
2025-11-14,SNGSP,37.815
2025-11-17,SNGSP,37.935
2025-11-18,SNGSP,37.885
2025-11-19,SNGSP,38.25
2025-11-20,SNGSP,38.945
2025-11-21,SNGSP,38.89
2025-11-24,SNGSP,38.155
2025-11-25,SNGSP,38.465
2025-11-26,SNGSP,38.39
2025-11-27,SNGSP,38.115
2025-11-28,SNGSP,38.375
2025-12-01,SNGSP,38.36
2025-12-02,SNGSP,38.395
2025-12-03,SNGSP,38.115
2025-12-04,SNGSP,38.105
2025-12-05,SNGSP,38.395
2025-12-08,SNGSP,38.49
2025-12-09,SNGSP,38.9
2025-12-10,SNGSP,39.94
2025-12-11,SNGSP,39.975
2025-12-12,SNGSP,39.09
2025-12-15,SNGSP,39.77
2025-12-16,SNGSP,40.25
2025-12-17,SNGSP,41.06
2025-12-18,SNGSP,40.63
2025-12-19,SNGSP,40.16
2025-12-22,SNGSP,40
2025-12-23,SNGSP,40.75
2025-12-24,SNGSP,41.22
2025-12-25,SNGSP,40.6
2025-12-26,SNGSP,40.78
