TRADEDATE,OPEN,LOW,HIGH,CLOSE,NUMTRADES,VOLUME
2023-12-15,14.6,12.33,14.9,12.505,80082,235374000
2023-12-18,12.6,12.55,13.1,12.9,38732,122471200
2023-12-19,12.925,12.55,13.06,12.61,15543,40704700
2023-12-20,12.64,12.55,12.905,12.805,10447,30497500
2023-12-21,12.805,12.71,13.29,13.16,14246,52074600
2023-12-22,13.24,13.16,13.795,13.71,21541,55191300
2023-12-25,13.8,13.31,14.335,13.5,21252,53860800
2023-12-26,13.75,13.4,13.765,13.52,8389,16156300
2023-12-27,13.65,13.505,13.7,13.655,7161,15586800
2023-12-28,13.66,13.5,13.9,13.605,10233,28859900
2023-12-29,13.665,13.6,13.785,13.7,5456,9784100
2024-01-03,13.71,13.71,14.3,14.245,9453,15686700
2024-01-04,14.5,14.045,14.5,14.155,6468,9865300
2024-01-05,14.195,14.05,14.3,14.185,4268,6228600
2024-01-08,14.18,14.135,14.46,14.315,7368,13652800
2024-01-09,14.39,14.105,14.39,14.15,10713,12704800
2024-01-10,14.19,14.135,14.4,14.2,9451,20891800
2024-01-11,14.34,13.7,14.34,13.995,11840,24124100
2024-01-12,14,13.705,14.08,13.81,13826,23023400
2024-01-15,13.85,13.76,13.96,13.805,8559,13083600
2024-01-16,13.805,13.56,13.86,13.755,11664,20835400
2024-01-17,13.795,13.63,13.9,13.85,7182,15155000
2024-01-18,13.9,13.7,13.9,13.7,4997,9904100
2024-01-19,13.765,13.5,13.78,13.7,8269,13604100
2024-01-22,13.71,13.635,14.045,13.9,9211,24588100
2024-01-23,14.1,13.935,14.95,14.895,44836,132442400
2024-01-24,14.97,14.66,15.59,14.78,62427,164047600
2024-01-25,14.88,14.6,15.19,14.975,20008,45665400
2024-01-26,15.13,14.83,15.34,14.965,18849,41773600
2024-01-29,15,14.875,15.165,15.05,13040,25012600
2024-01-30,15.105,15.05,15.6,15.28,28228,68644700
2024-01-31,15.42,15.235,15.835,15.465,25712,64351200
2024-02-01,15.56,15.315,15.67,15.34,13727,27503500
2024-02-02,15.34,15.02,15.4,15.3,17102,30495100
2024-02-05,15.37,15.22,15.475,15.405,10642,27669400
2024-02-06,15.445,15.415,16.165,16.065,25708,61259500
2024-02-07,16.07,16.065,18.25,17.69,123610,347733900
2024-02-08,17.795,17.78,18.94,18.06,92577,263518900
2024-02-09,18.3,17.07,18.3,17.355,55584,113769800
2024-02-12,17.4,16.855,17.48,17.21,29387,55526300
2024-02-13,17.25,17.22,17.97,17.8,36380,87905900
2024-02-14,17.9,17.445,17.955,17.54,16080,31862700
2024-02-15,17.585,17.2,17.76,17.51,18614,39025000
2024-02-16,17.6,17.285,17.875,17.48,30662,72599400
2024-02-19,18.575,17.8,18.86,18.85,92406,221001600
2024-02-20,18.865,17.67,19.15,18.25,57929,138571800
2024-02-21,18.2,17.7,18.45,18.19,37096,84738500
2024-02-22,18.2,18.005,18.35,18.17,18118,39798400
2024-02-26,18.3,18.27,18.78,18.645,23406,52137800
2024-02-27,18.76,18.25,18.76,18.475,14375,33259300
2024-02-28,18.525,18.07,18.525,18.285,17988,28203200
2024-02-29,18.32,18.225,18.58,18.475,18324,38746400
2024-03-01,18.475,18.475,19.3,19.28,59619,158723800
2024-03-04,19.385,18.92,19.48,19.17,40774,96795200
2024-03-05,19.2,18.92,19.33,19.28,15842,33942000
2024-03-06,19.35,19.155,19.695,19.565,34775,74222000
2024-03-07,19.62,19.5,19.815,19.59,24289,56524200
2024-03-11,19.695,18.58,19.77,19.4,23874,49216400
2024-03-12,19.45,18.6,19.45,19.215,19756,45409900
2024-03-13,19.265,19.1,19.44,19.175,12863,28328500
2024-03-14,19.18,18.66,19.225,19.03,20669,45681800
2024-03-15,19.225,18.86,19.295,18.97,17871,35708000
2024-03-18,19.06,18.65,19.47,19.32,21760,55892200
2024-03-19,19.3,18.8,19.44,19.06,17545,38955700
2024-03-20,19.125,18.735,19.165,18.865,12993,24715200
2024-03-21,18.95,18.815,19.115,19.1,8252,17555600
2024-03-22,19.155,18.45,19.225,18.79,16863,38661700
2024-03-25,18.77,18.655,19,18.905,10809,21496100
2024-03-26,18.91,18.88,19.175,19.03,8391,17292700
2024-03-27,19.05,18.77,19.085,18.94,6648,12169600
2024-03-28,18.965,18.81,18.98,18.955,7440,13051200
2024-03-29,18.97,18.97,19.445,19.35,20741,47889700
2024-04-01,19.3,19.3,20,19.905,35580,86280800
2024-04-02,19.91,19.58,19.95,19.76,14593,28718100
2024-04-03,19.78,19.71,20.3,20.255,59210,96927200
2024-04-04,20.255,19.955,20.26,20.05,13128,25923800
2024-04-05,20.05,19.815,20.17,19.98,14716,19276900
2024-04-08,20,19.86,20.05,20.01,10234,16881600
2024-04-09,20.02,19.505,20.02,19.685,16679,31837300
2024-04-10,19.695,19.42,19.95,19.545,13173,26101900
2024-04-11,19.58,19.21,19.68,19.285,13725,20254300
2024-04-12,19.285,19.16,19.445,19.23,13569,20158400
2024-04-15,19.3,19.25,19.615,19.41,13572,21926800
2024-04-16,19.455,19.225,19.49,19.27,8436,10446300
2024-04-17,19.37,19.1,19.37,19.145,8769,10991300
2024-04-18,19.12,18.86,19.15,19.08,12908,16485900
2024-04-19,19.1,18.94,19.19,19.165,7413,10629000
2024-04-22,19.17,19.035,19.4,19.125,10068,16949100
2024-04-23,19.185,18.92,19.25,18.985,8859,13243500
2024-04-24,18.99,18.84,19.115,19.035,7582,11485100
2024-04-25,19.055,18.92,19.145,19.07,5524,10165200
2024-04-26,19.07,19,19.19,19.075,7752,12909700
2024-04-27,19.085,19.045,19.25,19.14,6121,11597300
2024-04-29,19.14,19.015,19.175,19.15,4285,5671500
2024-04-30,19.18,19.02,19.18,19.05,3355,5303000
2024-05-02,19.03,18.875,19.065,18.935,6863,6828800
2024-05-03,19,18.035,19,18.61,49338,79383100
2024-05-06,18.515,18.225,18.545,18.265,20143,22266600
2024-05-07,18.265,18.22,18.89,18.65,16518,27636900
2024-05-08,18.8,18.55,19.29,19.24,17797,30784400
2024-05-10,19.235,19.195,19.71,19.695,16343,27182600
2024-05-13,19.9,19.875,20.245,20.2,39752,52600500
2024-05-14,20.34,19.715,20.495,19.8,56146,63717000
2024-05-15,19.795,19.4,19.965,19.82,30739,50192700
2024-05-16,19.38,18.8,19.65,19.36,63284,126112700
2024-05-17,19.36,19.005,19.445,19.24,12323,19859500
2024-05-20,19.3,18.58,19.3,18.825,36307,40621900
2024-05-21,18.99,18.8,19.2,18.975,11570,14972600
2024-05-22,19.03,18.725,19.085,18.85,8215,11257500
2024-05-23,18.995,18.49,18.995,18.74,14764,19598300
2024-05-24,18.655,18.095,18.78,18.22,60415,30363200
2024-05-27,18.22,17.65,18.375,17.935,24155,36127200
2024-05-28,18.09,17.725,18.3,17.975,12380,19116600
2024-05-29,18.03,17.565,18.105,18.065,16554,27444700
2024-05-30,18.105,17.31,18.11,17.42,14495,20742100
2024-05-31,17.43,16.565,17.695,17.06,29278,46494700
2024-06-03,17.06,16.595,17.575,17.55,48796,46890800
2024-06-04,17.61,17.345,18.4,18.305,21203,38365700
2024-06-05,18.315,17.785,18.62,17.85,22629,38290600
2024-06-06,17.845,17.52,18.04,17.76,12732,15151900
2024-06-07,17.84,17.8,18.5,18.24,12869,22270700
2024-06-10,18.2,17.9,18.48,18.055,15382,19900100
2024-06-11,18.06,17.62,18.075,17.845,9101,13646800
2024-06-13,17,16.38,18.1,17.985,17712,25486700
2024-06-14,17.995,17.825,18.16,18.125,7366,12050500
2024-06-17,18.12,17.72,18.18,17.82,7505,9767100
2024-06-18,17.86,17.33,17.86,17.415,9297,16836200
2024-06-19,17.48,16.65,17.49,16.76,20788,29135200
2024-06-20,16.8,16.765,17.365,17.33,11967,17881500
2024-06-21,17.395,17.11,17.595,17.165,6319,9245900
2024-06-24,17,16.65,17.085,16.735,14508,26557800
2024-06-25,16.74,16.42,17.115,17.07,14843,23875300
2024-06-26,17.07,17.01,17.3,17.25,10134,13614200
2024-06-27,17.3,16.85,17.3,16.95,8367,12942200
2024-06-28,16.905,16.815,16.965,16.9,7290,8847600
2024-07-01,16.91,16.755,17.1,16.885,10053,17955600
2024-07-02,16.9,16.635,16.93,16.79,23971,24393400
2024-07-03,16.8,16.22,16.845,16.435,21393,30806300
2024-07-04,16.435,16.055,16.74,16.565,25584,52401400
2024-07-05,16.54,16.31,16.8,16.6,18051,32186200
2024-07-08,15.635,15.63,15.995,15.7,30311,49756100
2024-07-09,15.7,14.76,15.7,15,39289,73776900
2024-07-10,15,14.015,15.23,14.2,35149,58592100
2024-07-11,14.3,14.2,15.32,15.045,51460,129039600
2024-07-12,15.135,14.17,15.135,14.39,37704,77553800
2024-07-15,14.42,13.68,14.45,14.06,39843,96074400
2024-07-16,13.97,13.75,14.24,14.16,23670,68351100
2024-07-17,14.145,14,14.355,14.09,26524,40439800
2024-07-18,14.125,13.915,14.88,14.865,23329,59999200
2024-07-19,14.97,14.575,15.53,15.355,27923,63539000
2024-07-22,15.405,15.27,15.79,15.515,20295,54406700
2024-07-23,15.45,15.075,15.55,15.5,13091,32628000
2024-07-24,15.49,15.27,15.545,15.32,12102,17558900
2024-07-25,15.43,15.34,15.665,15.365,9801,20525700
2024-07-26,15.47,14.715,15.7,14.82,25733,59258600
2024-07-29,14.7,14.39,14.79,14.455,15895,29606500
2024-07-30,14.5,14.475,14.935,14.865,8542,17387600
2024-07-31,14.92,14.61,14.975,14.855,7160,15559800
2024-08-01,14.85,14.725,15.065,14.775,7148,16773100
2024-08-02,14.77,14.355,14.795,14.44,17278,24575100
2024-08-05,14.29,14,14.325,14.145,16039,29967300
2024-08-06,14.3,14.04,14.425,14.17,6765,13021700
2024-08-07,14.195,14.05,14.65,14.65,9483,19829100
2024-08-08,14.66,14.25,14.71,14.375,6680,11095800
2024-08-09,14.375,14.215,14.6,14.4,5314,10120300
2024-08-12,14.45,14.3,14.5,14.445,6739,10572900
2024-08-13,14.42,14.42,14.65,14.595,6439,10882700
2024-08-14,14.575,14.28,14.66,14.315,9114,10960000
2024-08-15,14.3,14.075,14.37,14.185,10659,22333300
2024-08-16,14.175,14.045,14.26,14.06,7480,14828600
2024-08-19,14.08,13.88,14.165,13.98,12460,29555100
2024-08-20,14.005,13.975,14.35,14.135,9077,21621500
2024-08-21,14.14,13.98,14.2,14.01,8626,19780200
2024-08-22,14.005,13.75,14.115,13.9,11068,27553900
2024-08-23,13.88,13.31,13.94,13.665,17758,37411000
2024-08-26,14,13.535,14.24,13.69,15033,39480900
2024-08-27,13.69,13.25,13.78,13.46,11439,22283000
2024-08-28,13.455,13.325,13.735,13.63,9213,21240800
2024-08-29,13.605,13.25,13.63,13.395,9159,19037700
2024-08-30,13.395,12.855,13.475,12.99,14514,21284900
2024-09-02,12.75,12.53,12.99,12.695,15084,26348900
2024-09-03,12.7,12.56,13.19,13.015,9559,19097400
2024-09-04,13.015,13.01,13.5,13.305,22390,30716600
2024-09-05,13.51,13.2,13.815,13.24,16750,28567100
2024-09-06,13.3,13.005,13.45,13.25,9425,12569100
2024-09-09,13.35,13.34,13.85,13.79,13049,25420700
2024-09-10,13.99,13.45,14.035,13.595,13180,23840000
2024-09-11,13.42,13.01,13.73,13.055,13249,34727800
2024-09-12,13.13,12.7,13.13,12.89,22092,38023000
2024-09-13,12.985,12.7,13.49,13.265,16207,39994700
2024-09-16,13.335,13.14,13.945,13.87,35425,41741600
2024-09-17,13.94,13.73,14.195,14.045,12751,30928900
2024-09-18,14.145,13.8,14.195,13.8,7286,13088500
2024-09-19,13.83,13.75,14.14,13.935,7554,16293300
2024-09-20,14,13.915,14.2,14.125,9012,22687500
2024-09-23,14.3,14.3,14.65,14.525,38662,32890100
2024-09-24,14.6,14.3,14.6,14.485,10839,21196400
2024-09-25,14.44,13.965,14.55,13.98,18991,46942700
2024-09-26,13.96,13.72,14.1,13.96,7724,16128600
2024-09-27,14.005,13.925,14.05,14.025,5332,20800400
2024-09-30,14.04,13.975,14.18,13.99,8025,26845200
2024-10-01,13.91,13.71,14.065,13.885,13818,38924800
2024-10-02,13.92,13.525,13.97,13.595,8728,19353200
2024-10-03,13.535,13.535,13.99,13.815,10053,21302900
2024-10-04,13.92,13.58,13.99,13.685,8743,28765600
2024-10-07,13.685,13.335,13.77,13.5,7419,16253000
2024-10-08,13.505,13.4,13.68,13.5,5254,10568000
2024-10-09,13.61,13.3,13.61,13.45,4959,11376800
2024-10-10,13.5,13.455,13.63,13.52,3683,6628900
2024-10-11,13.5,13.33,13.585,13.35,5920,8605600
2024-10-14,13.4,13.225,13.72,13.55,7509,16798900
2024-10-15,13.58,13.44,13.645,13.53,5539,13453200
2024-10-16,13.56,13.42,13.69,13.47,4243,8157100
2024-10-17,13.515,13.435,13.675,13.59,4895,8709400
2024-10-18,13.635,13.285,13.64,13.36,5009,10839000
2024-10-21,13.41,13.255,13.44,13.325,4620,6159700
2024-10-22,13.36,13.12,13.42,13.17,5164,7698600
2024-10-23,13.19,12.8,13.2,12.875,12386,22826800
2024-10-24,12.895,12.625,13.045,12.965,11509,19534700
2024-10-25,12.945,12.33,13.005,12.5,17202,39706200
2024-10-28,12.325,12.075,12.925,12.27,27634,81856900
2024-10-29,12.25,12.125,12.73,12.695,16483,53876600
2024-10-30,12.79,12.36,12.94,12.465,8600,21602700
2024-10-31,12.35,12.17,12.545,12.31,9155,21624600
2024-11-01,12.3,12.16,12.45,12.31,7898,16004400
2024-11-02,12.38,12.19,12.385,12.35,6202,11188000
2024-11-05,12.355,12.225,12.75,12.695,27298,26441200
2024-11-06,12.95,12.61,13.19,12.835,33797,47625800
2024-11-07,12.8,12.335,13.09,13.08,20854,40777600
2024-11-08,13.2,12.85,13.31,13.28,13223,40518600
2024-11-11,13.51,13.3,13.795,13.59,21292,63135800
2024-11-12,13.53,13.05,13.785,13.115,21842,44341600
2024-11-13,13.17,13.075,13.4,13.14,9541,24670000
2024-11-14,13.165,12.835,13.33,13.205,13803,34291900
2024-11-15,12.94,12.935,13.68,13.67,28840,66897900
2024-11-18,13.44,13.29,14.325,14.15,50091,120047700
2024-11-19,14.175,13.79,14.245,14.135,19837,69897300
2024-11-20,14.125,13.56,14.33,13.785,14766,46117800
2024-11-21,13.775,13.5,14.2,14.145,13969,36703800
2024-11-22,14.24,13.5,14.25,13.62,12401,30775900
2024-11-25,13.625,12.58,13.785,12.855,25150,81651600
2024-11-26,12.795,12.38,12.98,12.6,19487,54922300
2024-11-27,12.65,12.31,13.14,13.05,21327,52039100
2024-11-28,13.15,12.545,13.15,12.86,21655,37134300
2024-11-29,12.95,12.735,12.95,12.755,8797,21684500
2024-12-02,12.86,12.565,12.985,12.865,11835,34310900
2024-12-03,12.865,12.61,12.865,12.65,5902,13293400
2024-12-04,12.7,12.205,12.8,12.46,17698,30082800
2024-12-05,12.46,12.35,12.9,12.775,12034,26173400
2024-12-06,12.75,12.61,12.81,12.655,5864,13523100
2024-12-09,12.84,12.635,12.84,12.705,11556,19178100
2024-12-10,12.7,12.345,12.705,12.485,6846,14416200
2024-12-11,12.485,12.375,12.54,12.54,5096,17526900
2024-12-12,12.54,12.25,12.615,12.28,7085,14856700
2024-12-13,12.265,12.205,12.365,12.205,5176,11572500
2024-12-16,12.2,11.77,12.3,11.84,17281,40966500
2024-12-17,11.83,11.655,12.785,12.62,50253,195582700
2024-12-18,12.68,12.555,12.985,12.975,40648,163442000
2024-12-19,12.975,12.775,13.2,13.11,23018,77101700
2024-12-20,13.11,12.875,14.44,14.385,42798,170708300
2024-12-23,14.4,13.83,14.815,14.105,34534,105098200
2024-12-24,14.15,13.675,14.165,13.705,15208,37380700
2024-12-25,13.6,13.425,14.16,13.93,34508,104920400
2024-12-26,13.94,13.61,13.995,13.685,22369,30072600
2024-12-27,13.685,13.57,13.915,13.65,17890,33450500
2024-12-28,13.7,13.7,13.975,13.78,10967,32446600
2024-12-30,13.945,13.78,14.28,14.185,32306,37009600
2025-01-03,14.185,13.93,14.185,14.085,6389,14079700
2025-01-06,13.995,13.885,14.055,14,4637,11269400
2025-01-08,13.99,13.96,14.37,14.32,9140,16476300
2025-01-09,14.38,13.85,14.405,13.93,13171,29588100
2025-01-10,13.94,13.9,14.645,14.515,25963,70402800
2025-01-13,14.6,14.42,14.99,14.565,31515,67421500
2025-01-14,14.45,14.445,14.85,14.8,13176,35427200
2025-01-15,14.8,14.495,15.4,15.395,33895,72681800
2025-01-16,15.395,15.25,15.8,15.35,47975,80566200
2025-01-17,15.37,15.115,15.66,15.3,15298,46046300
2025-01-20,15.6,14.81,15.995,14.965,26520,57003500
2025-01-21,14.965,14.955,15.43,15.325,9091,23780700
2025-01-22,15.33,15.005,15.44,15.095,26619,41724200
2025-01-23,15.08,14.715,15.105,15,17396,39508300
2025-01-24,15,14.755,15.075,15.03,14990,33781500
2025-01-27,15.05,14.8,15.175,14.81,9993,20835200
2025-01-28,14.8,14.54,15.26,15.16,15958,28224300
2025-01-29,15.13,15.05,15.44,15.105,12202,27369600
2025-01-30,15.105,15.06,15.385,15.15,10987,17530800
2025-01-31,15.15,14.94,15.295,14.97,9774,18482600
2025-02-03,15.08,14.74,15.08,14.93,25533,20966500
2025-02-04,14.91,14.76,15.05,14.9,9612,12699300
2025-02-05,14.825,14.705,15.175,15.065,8001,24185600
2025-02-06,15.06,15.025,15.295,15.185,13631,27695700
2025-02-07,15.195,15.075,15.3,15.14,6528,13950300
2025-02-10,15.21,15.15,15.58,15.26,25074,58957700
2025-02-11,15.26,15.245,15.79,15.785,18888,54545900
2025-02-12,15.8,15.42,16.54,16.5,36252,109984700
2025-02-13,16.6,16.2,16.89,16.465,25151,76433800
2025-02-14,16.6,16,17.1,16.245,35020,93239700
2025-02-17,16.615,16.61,17.36,17.35,25958,84978600
2025-02-18,17.4,16.42,17.585,16.86,26516,80458700
2025-02-19,16.915,16.52,17.1,16.975,18890,42116700
2025-02-20,16.99,16.72,17.15,16.86,14041,26262400
2025-02-21,16.95,16.71,17.1,16.895,10924,26313300
2025-02-24,16.895,16.82,17.25,17.19,18461,43475600
2025-02-25,17.195,17.075,17.535,17.24,21737,59042800
2025-02-26,17.255,16.165,17.4,16.46,36404,89236400
2025-02-27,16.46,15.885,16.51,15.915,21721,52710300
2025-02-28,16.2,15.885,16.945,16.625,35731,101673300
2025-03-03,16.65,15.855,16.795,16.44,26370,65756800
2025-03-04,16.5,16.5,17.44,17.25,28639,75596600
2025-03-05,17.245,16.9,17.95,17.53,24091,72289300
2025-03-06,17.57,17.195,18.09,17.4,18620,69170900
2025-03-07,17.475,16.7,17.915,17.7,27628,90780600
2025-03-10,17.7,17.42,17.925,17.51,11265,24032500
2025-03-11,17.54,17.065,17.665,17.385,12170,32347500
2025-03-12,17.43,16.995,17.495,17.275,10982,30298200
2025-03-13,17.3,16.595,17.515,17.195,45157,90506000
2025-03-14,17.02,16.965,17.855,17.775,38538,78176200
2025-03-17,17.78,17.71,18.795,18.715,34221,96402000
2025-03-18,18.715,18.565,18.97,18.665,37156,74447300
2025-03-19,18.67,18.315,18.86,18.84,21474,59020400
2025-03-20,18.8,18.415,18.92,18.72,22212,41046000
2025-03-21,18.56,18.32,18.9,18.565,21547,55477700
2025-03-24,18.46,18.16,18.585,18.305,15525,37850600
2025-03-25,18.305,17.85,18.495,18.37,15934,47401700
2025-03-26,18.37,17.775,18.5,17.965,14923,42035700
2025-03-27,17.95,16.88,18.06,16.915,20554,65791000
2025-03-28,16.94,16.33,17.185,16.69,54352,137342600
2025-03-31,16.8,16.005,17.085,16.97,29479,82406500
2025-04-01,16.97,16.3,17.55,16.365,26450,82900200
2025-04-02,16.36,16.3,17.02,16.745,31373,79325100
2025-04-03,16.92,15.915,17,16.585,42560,83608800
2025-04-04,16.75,15.325,16.875,15.455,36524,107356300
2025-04-07,15.445,14.615,16.02,15.525,53790,160369300
2025-04-08,15.59,15.43,16.195,15.645,25365,75117100
2025-04-09,15.41,14.56,16.245,16.24,47365,167491000
2025-04-10,16.34,15.75,16.55,16.335,25964,71923500
2025-04-11,16.36,16.215,16.765,16.425,15030,45415300
2025-04-14,16.495,16.025,16.675,16.125,15434,42967700
2025-04-15,16.125,15.77,16.35,16.205,16154,38003800
2025-04-16,16.175,16.005,16.4,16.125,12472,33411100
2025-04-17,16.12,15.945,16.36,16.33,17980,31880500
2025-04-18,16.18,15.75,16.365,16.14,13375,39450100
2025-04-21,16.12,16.12,16.59,16.48,7467,24565300
2025-04-22,16.5,16.435,17.06,16.9,19160,51119000
2025-04-23,16.9,16.295,16.995,16.58,17537,41923600
2025-04-24,16.67,16.48,16.765,16.555,9539,28117100
2025-04-25,16.57,16.51,16.9,16.765,13391,42504100
2025-04-28,16.835,16.4,16.97,16.4,21759,49380500
2025-04-29,16.405,15.495,16.485,15.69,28228,58887000
2025-04-30,15.735,15.13,15.77,15.385,17080,43838400
2025-05-02,15.385,14.855,15.42,14.855,12395,23324200
2025-05-05,14.86,14.43,15.07,14.595,16796,35008400
2025-05-06,14.61,14.43,14.985,14.72,16505,34032700
2025-05-07,14.825,14.635,14.97,14.83,9108,19835400
2025-05-08,14.83,14.82,15.26,15.095,7405,15572300
2025-05-12,15.095,15.07,15.58,15.53,17013,34041100
2025-05-13,15.535,15.24,15.62,15.59,10816,21688900
2025-05-14,15.6,15.5,16.16,15.8,20000,67366800
2025-05-15,15.74,15.4,16.02,15.515,17620,55449100
2025-05-16,15.515,15.32,16.075,15.745,21857,66098400
2025-05-19,15.73,15.365,16.13,15.46,25274,69386800
2025-05-20,15.405,15.32,15.7,15.57,10425,29603700
2025-05-21,15.55,15.355,15.7,15.375,6665,20038000
2025-05-22,15.38,14.92,15.675,15.195,15255,46719900
2025-05-23,15.21,14.96,15.425,15.09,14191,32072700
2025-05-26,15.09,14.23,15.09,14.4,17206,56667000
2025-05-27,14.4,14.06,14.99,14.91,18899,54904400
2025-05-28,14.95,14.92,15.68,15.605,17737,49747600
2025-05-29,15.6,15.25,15.685,15.255,9691,28279500
2025-05-30,15.245,15.16,15.65,15.585,7937,27707500
2025-06-02,15.59,15.005,15.865,15.745,24243,45966300
2025-06-03,15.745,15.74,16.245,16.2,18557,46400500
2025-06-04,16.205,16.05,16.5,16.14,27997,51220100
2025-06-05,16.19,16.1,16.39,16.215,5532,24393500
2025-06-06,16.28,15.45,17.29,15.665,32325,122059800
2025-06-09,15.665,15.15,15.775,15.45,13313,36036100
2025-06-10,15.4,15.22,15.65,15.525,7881,26549700
2025-06-11,15.545,15.46,15.83,15.53,5882,23144400
2025-06-13,15.57,15.35,15.655,15.41,11774,10923400
2025-06-16,15.435,15.29,15.56,15.33,14858,25838100
2025-06-17,15.34,15.25,15.66,15.635,17490,24145700
2025-06-18,15.645,15.53,15.77,15.59,6166,17692900
2025-06-19,15.59,15.515,16.365,16.045,22376,96559200
2025-06-20,16.01,15.695,16.1,15.815,8089,30682900
2025-06-23,15.84,15.38,15.96,15.48,13154,35546900
2025-06-24,15.475,15.395,15.72,15.67,6704,31710400
2025-06-25,15.685,15.62,15.975,15.855,11419,20788700
2025-06-26,15.9,15.79,16.14,15.865,10206,37753600
2025-06-27,15.87,15.79,16.095,16.06,8913,30742900
2025-06-30,16.05,16.03,16.53,16.45,24026,74641600
2025-07-01,16.46,16.35,16.585,16.405,12788,38252800
2025-07-02,16.41,16.185,16.525,16.395,9433,35827700
2025-07-03,16.4,16.16,16.6,16.22,7786,29167100
2025-07-04,16.15,15.97,16.415,16.32,9969,33804200
2025-07-07,16.32,16.1,16.555,16.195,9205,34374500
2025-07-08,15.885,15.525,16.03,15.54,11483,33512500
2025-07-09,15.51,15.2,15.81,15.74,12075,37584600
2025-07-10,15.805,15.69,15.96,15.74,5594,19469900
2025-07-11,15.865,15.125,15.865,15.285,15964,38872100
2025-07-14,15.155,15.075,16.33,16.145,16725,64208900
2025-07-15,16.27,16.12,16.595,16.525,15410,51631000
2025-07-16,16.595,16.33,17.19,17.05,19927,73395500
2025-07-17,17.05,16.635,17.67,16.735,25519,66967300
2025-07-18,16.735,16.725,17.3,17.25,13998,39710300
2025-07-21,17.33,17.045,17.455,17.225,12250,32935300
2025-07-22,17.25,16.82,17.275,17.055,11618,39939200
2025-07-23,17.055,16.905,17.25,17.01,13730,45310600
2025-07-24,17.02,16.8,17.12,16.93,7578,24770200
2025-07-25,16.945,16.68,17.34,16.885,27468,69724700
2025-07-28,16.88,16.15,16.97,16.185,16678,43999500
2025-07-29,16.26,16.19,16.75,16.535,17690,33582100
2025-07-30,16.55,16.49,16.875,16.58,9414,34528200
2025-07-31,16.575,16.455,17.165,17.065,21558,77822100
2025-08-01,17.12,16.5,17.225,16.575,24699,50771700
2025-08-04,16.635,16.58,17.01,16.98,19759,26709200
2025-08-05,16.98,16.78,17.055,16.88,7830,28034300
2025-08-06,16.885,16.72,17.265,17.115,17188,51118800
2025-08-07,17.125,16.94,17.375,17.125,15351,61627600
2025-08-08,17.125,16.885,17.4,17.25,10964,38586600
2025-08-11,17.35,17.005,17.545,17.135,17648,71183100
2025-08-12,17.135,16.51,17.215,16.81,26929,88517600
2025-08-13,16.82,16.335,16.88,16.365,25108,62600400
2025-08-14,16.47,16.09,16.545,16.525,22390,68085100
2025-08-15,16.57,16.12,16.585,16.225,33371,106322700
2025-08-18,16.015,15.74,16.22,16.165,45713,78279200
2025-08-19,16.2,16,16.395,16.065,40809,65897500
2025-08-20,16.07,15.825,16.17,15.94,12194,34499100
2025-08-21,15.945,15.435,16.005,15.52,18850,53622500
2025-08-22,15.525,15.31,15.79,15.66,22960,42802800
2025-08-25,15.655,15.28,15.795,15.45,26041,36091200
2025-08-26,15.5,15.075,15.665,15.23,22294,51351900
2025-08-27,15.255,15.19,15.35,15.275,31810,29518800
2025-08-28,15.29,15.025,15.335,15.125,15754,45798500
2025-08-29,15.14,15.085,15.265,15.11,13229,15008200
2025-09-01,15.11,15.08,15.495,15.225,13775,37176300
2025-09-02,15.22,14.82,15.255,15.01,21800,74656500
2025-09-03,15.005,14.75,15.125,15.07,16335,57407400
2025-09-04,15.14,14.925,15.14,15.015,9130,37721500
2025-09-05,15.02,14.84,15.07,14.92,11713,32575400
2025-09-08,14.94,14.84,15.275,15.2,15958,47771100
2025-09-09,15.2,15.14,15.41,15.24,17619,38037700
2025-09-10,15.2,14.915,15.26,14.99,11491,36593500
2025-09-11,15.03,14.715,15.07,14.85,20166,71829600
2025-09-12,14.885,14.43,14.93,14.54,28206,121576000
2025-09-15,14.54,13.8,14.555,14.035,37638,131042400
2025-09-16,14.03,13.675,14.135,13.855,24772,76437800
2025-09-17,13.91,13.58,13.935,13.71,14580,46375300
2025-09-18,13.71,13.335,13.785,13.41,25122,67275900
2025-09-19,13.455,12.92,13.62,12.95,24119,98431900
2025-09-22,13.05,12.835,13.5,13.425,31511,117022400
2025-09-23,13.42,12.84,13.475,12.955,19255,83980300
2025-09-24,12.96,12.79,13.295,13.16,19083,76930600
2025-09-25,13.175,12.915,13.315,13.01,8772,28584500
2025-09-26,13.03,12.805,13.09,12.97,12109,46638600
2025-09-29,13.005,12.625,13.12,12.69,16984,59212300
2025-09-30,12.69,12.35,12.78,12.635,19044,66594500
2025-10-01,12.64,12.28,12.76,12.34,16799,51348800
2025-10-02,12.36,12.08,12.68,12.56,23392,97731400
2025-10-03,12.515,12.025,12.785,12.135,21285,80911500
2025-10-06,12.145,12.005,12.555,12.4,23018,76776400
2025-10-07,12.41,12.32,12.69,12.62,14187,45558300
2025-10-08,12.655,12.045,12.68,12.18,16906,68041500
2025-10-09,12.28,11.8,12.525,12.395,24940,85836600
2025-10-10,12.42,12.06,12.45,12.09,13038,39047800
2025-10-13,12.1,11.82,12.275,12,22871,78301500
2025-10-14,12.04,11.825,12.075,11.94,12464,46443200
2025-10-15,11.97,11.65,12.15,11.9,14983,55993400
2025-10-16,11.945,11.845,12.75,12.74,21473,94168900
2025-10-17,12.765,12.4,13.15,13,26874,101859900
2025-10-20,13.19,12.65,13.31,12.75,22447,80620900
2025-10-21,12.8,11.95,12.81,12.295,23733,95970200
2025-10-22,12.335,11.95,12.49,12.105,14926,56670100
2025-10-23,11.95,11.8,12.385,12.355,19707,82810000
2025-10-24,12.36,11.96,12.55,12.09,22754,99799100
2025-10-27,12.06,11.77,12.06,11.87,25522,71163000
2025-10-28,11.955,11.84,12.285,12.17,18822,65014700
2025-10-29,12.19,12.095,12.29,12.25,12040,29761600
2025-10-30,12.25,12.175,12.425,12.33,12290,43491400
2025-10-31,12.37,12.12,12.37,12.2,7268,31492000
2025-11-01,12.23,12.15,12.275,12.195,3398,9294900
2025-11-03,12.21,12.2,12.37,12.21,4362,14272400
2025-11-05,12.2,12.1,12.305,12.175,13297,38606800
2025-11-06,12.195,12.07,12.23,12.185,6649,24514100
2025-11-07,12.175,12.14,12.28,12.24,11088,27684300
2025-11-10,12.205,12.195,12.465,12.35,15848,64153800
2025-11-11,12.34,12.33,12.89,12.85,22691,107879100
2025-11-12,12.87,12.585,12.92,12.84,15894,67103200
2025-11-13,12.875,12.815,13.145,12.995,22356,75448900
2025-11-14,12.995,12.465,13.27,12.8,49706,259267900
2025-11-17,12.8,12.57,12.84,12.7,15214,63913300
2025-11-18,12.7,12.665,13.01,12.88,15576,110042300
2025-11-19,12.905,12.815,13.235,12.975,18306,102469000
2025-11-20,12.98,12.88,13.275,13.25,14510,76597600
2025-11-21,13.235,13.015,13.235,13.155,14051,65622300
2025-11-24,13.24,13.03,13.43,13.17,12792,67968800
2025-11-25,13.17,13.105,13.295,13.25,20561,48682700
2025-11-26,13.25,12.975,13.285,12.99,8233,30535300
2025-11-27,12.99,12.52,13.06,12.595,14933,59540000
2025-11-28,12.595,12.595,13.035,12.91,12867,50224700
2025-12-01,12.91,12.735,13.045,12.77,16023,50449800
2025-12-02,12.78,12.6,12.795,12.64,11996,33431900
2025-12-03,12.54,12.32,12.645,12.575,14313,43485400
2025-12-04,12.615,12.565,12.73,12.575,9104,28620500
2025-12-05,12.58,12.575,12.85,12.795,15336,47297400
2025-12-08,12.795,12.68,12.97,12.685,15113,46665600
2025-12-09,12.685,12.545,12.91,12.81,11701,45802200
2025-12-10,12.88,12.7,12.88,12.86,7493,24877600
2025-12-11,12.85,12.81,12.96,12.845,16768,76429900
2025-12-12,12.9,12.6,12.93,12.66,19746,63967000
2025-12-15,12.69,12.65,12.86,12.805,18573,50519400
2025-12-16,12.805,12.805,13.07,13.04,17303,55457900
2025-12-17,13.085,12.82,13.135,12.975,20720,76637900
2025-12-18,12.985,12.755,13.05,12.875,29476,67777400
2025-12-19,12.975,12.7,13.05,12.73,26477,111732400
2025-12-22,12.81,12.5,12.81,12.565,14972,53643800
2025-12-23,12.555,12.46,12.62,12.6,9656,34082100
2025-12-24,12.615,12.445,12.71,12.495,16385,61030100
2025-12-25,12.515,12.3,12.515,12.36,16121,51708900
2025-12-26,12.36,12.35,12.645,12.63,16346,52364400
2025-12-29,12.65,12.465,12.915,12.57,26204,110263600
2025-12-30,12.6,12.56,12.725,12.61,9953,33794400
2026-01-05,12.565,12.48,12.67,12.565,10197,18379000
2026-01-06,12.56,12.445,12.635,12.49,8922,24024900
2026-01-08,12.42,12.355,12.465,12.42,4962,15225800
2026-01-09,12.435,12.38,12.495,12.385,4415,10601800
